user_id,product_id
b2367932-0737-4ec5-b76c-cf0e9c4e4a38,b0925a87-018c-48ca-a1dd-fa67f1d7446a
b2367932-0737-4ec5-b76c-cf0e9c4e4a38,a72d121a-7487-438d-b961-cbbf19626135
b2367932-0737-4ec5-b76c-cf0e9c4e4a38,de2ff47e-217a-4f7d-be31-1b2a9926eda9
b2367932-0737-4ec5-b76c-cf0e9c4e4a38,979f809c-bc8f-4eec-89ce-de32b4175b32
b2367932-0737-4ec5-b76c-cf0e9c4e4a38,60a51ad1-ba52-43e5-9218-54e27ca857e0
b2367932-0737-4ec5-b76c-cf0e9c4e4a38,4f37e0ee-e916-47ea-affc-4d01665bb2db
b2367932-0737-4ec5-b76c-cf0e9c4e4a38,6d056ecb-5e47-44bb-b9ef-d33e87f98d96
b2367932-0737-4ec5-b76c-cf0e9c4e4a38,783a36aa-334d-4e88-88cf-65b04f6a0fc3
b2367932-0737-4ec5-b76c-cf0e9c4e4a38,8b635074-268f-466c-949e-aaaf0b143834
b2367932-0737-4ec5-b76c-cf0e9c4e4a38,d9fd706a-05fe-4cbf-aa17-ef87fba1bb1b
b2367932-0737-4ec5-b76c-cf0e9c4e4a38,274fb507-6d75-46b0-87f5-8d873644c52c
b2367932-0737-4ec5-b76c-cf0e9c4e4a38,100a25a8-1074-4082-bf3e-619e6bf0ed06
b2367932-0737-4ec5-b76c-cf0e9c4e4a38,b6ce3169-694b-4c53-97e3-97364d3c6f4b
b2367932-0737-4ec5-b76c-cf0e9c4e4a38,7a199e8b-b8e1-46d2-beb8-99ba92f52dcd
b2367932-0737-4ec5-b76c-cf0e9c4e4a38,1d19f678-f760-4786-9b01-1fb8917f0220
b2367932-0737-4ec5-b76c-cf0e9c4e4a38,cd548d76-1702-4cf5-a5d1-c2101fac11f2
b2367932-0737-4ec5-b76c-cf0e9c4e4a38,4b118e6e-16fe-4b89-b29c-17edd6303d62
b2367932-0737-4ec5-b76c-cf0e9c4e4a38,1323fd17-1e4c-4b33-a1a9-6d1ef29bbb23
b2367932-0737-4ec5-b76c-cf0e9c4e4a38,aa9058c2-3702-4840-909d-4536f8ef27e7
b2367932-0737-4ec5-b76c-cf0e9c4e4a38,58bce0b5-fe59-44c4-a5e4-0242444215bf
b2367932-0737-4ec5-b76c-cf0e9c4e4a38,5adb709a-3442-4a19-88f1-9ad37b4012bd
b2367932-0737-4ec5-b76c-cf0e9c4e4a38,80bf27c4-ceeb-45bb-b9d0-3696000167be
b2367932-0737-4ec5-b76c-cf0e9c4e4a38,a31954ad-5c6c-4a28-9cb0-2c6c3dfe99cd
b2367932-0737-4ec5-b76c-cf0e9c4e4a38,45e64d53-de11-4614-8e1b-3b16aac95357
b2367932-0737-4ec5-b76c-cf0e9c4e4a38,b0de0f60-82c8-4e43-a209-4528f01d0b4a
5bf23fee-fecd-4fe6-9167-638886e94b07,979f809c-bc8f-4eec-89ce-de32b4175b32
5bf23fee-fecd-4fe6-9167-638886e94b07,b0de0f60-82c8-4e43-a209-4528f01d0b4a
5bf23fee-fecd-4fe6-9167-638886e94b07,a72d121a-7487-438d-b961-cbbf19626135
5bf23fee-fecd-4fe6-9167-638886e94b07,4f37e0ee-e916-47ea-affc-4d01665bb2db
5bf23fee-fecd-4fe6-9167-638886e94b07,7a199e8b-b8e1-46d2-beb8-99ba92f52dcd
5bf23fee-fecd-4fe6-9167-638886e94b07,100a25a8-1074-4082-bf3e-619e6bf0ed06
5bf23fee-fecd-4fe6-9167-638886e94b07,cd548d76-1702-4cf5-a5d1-c2101fac11f2
5bf23fee-fecd-4fe6-9167-638886e94b07,58bce0b5-fe59-44c4-a5e4-0242444215bf
5bf23fee-fecd-4fe6-9167-638886e94b07,d9fd706a-05fe-4cbf-aa17-ef87fba1bb1b
5bf23fee-fecd-4fe6-9167-638886e94b07,783a36aa-334d-4e88-88cf-65b04f6a0fc3
5bf23fee-fecd-4fe6-9167-638886e94b07,b6ce3169-694b-4c53-97e3-97364d3c6f4b
5bf23fee-fecd-4fe6-9167-638886e94b07,274fb507-6d75-46b0-87f5-8d873644c52c
5bf23fee-fecd-4fe6-9167-638886e94b07,45e64d53-de11-4614-8e1b-3b16aac95357
5bf23fee-fecd-4fe6-9167-638886e94b07,1d19f678-f760-4786-9b01-1fb8917f0220
5bf23fee-fecd-4fe6-9167-638886e94b07,aa9058c2-3702-4840-909d-4536f8ef27e7
5bf23fee-fecd-4fe6-9167-638886e94b07,5adb709a-3442-4a19-88f1-9ad37b4012bd
5bf23fee-fecd-4fe6-9167-638886e94b07,1323fd17-1e4c-4b33-a1a9-6d1ef29bbb23
5bf23fee-fecd-4fe6-9167-638886e94b07,8b635074-268f-466c-949e-aaaf0b143834
5bf23fee-fecd-4fe6-9167-638886e94b07,a31954ad-5c6c-4a28-9cb0-2c6c3dfe99cd
5bf23fee-fecd-4fe6-9167-638886e94b07,60a51ad1-ba52-43e5-9218-54e27ca857e0
5bf23fee-fecd-4fe6-9167-638886e94b07,de2ff47e-217a-4f7d-be31-1b2a9926eda9
5bf23fee-fecd-4fe6-9167-638886e94b07,b0925a87-018c-48ca-a1dd-fa67f1d7446a
5bf23fee-fecd-4fe6-9167-638886e94b07,4b118e6e-16fe-4b89-b29c-17edd6303d62
5bf23fee-fecd-4fe6-9167-638886e94b07,6d056ecb-5e47-44bb-b9ef-d33e87f98d96
5bf23fee-fecd-4fe6-9167-638886e94b07,80bf27c4-ceeb-45bb-b9d0-3696000167be
154e0ce8-9429-43ce-b35a-6e8a6a1eea13,5adb709a-3442-4a19-88f1-9ad37b4012bd
154e0ce8-9429-43ce-b35a-6e8a6a1eea13,4f37e0ee-e916-47ea-affc-4d01665bb2db
154e0ce8-9429-43ce-b35a-6e8a6a1eea13,4b118e6e-16fe-4b89-b29c-17edd6303d62
154e0ce8-9429-43ce-b35a-6e8a6a1eea13,b0925a87-018c-48ca-a1dd-fa67f1d7446a
154e0ce8-9429-43ce-b35a-6e8a6a1eea13,aa9058c2-3702-4840-909d-4536f8ef27e7
154e0ce8-9429-43ce-b35a-6e8a6a1eea13,a72d121a-7487-438d-b961-cbbf19626135
154e0ce8-9429-43ce-b35a-6e8a6a1eea13,b0de0f60-82c8-4e43-a209-4528f01d0b4a
154e0ce8-9429-43ce-b35a-6e8a6a1eea13,7a199e8b-b8e1-46d2-beb8-99ba92f52dcd
154e0ce8-9429-43ce-b35a-6e8a6a1eea13,100a25a8-1074-4082-bf3e-619e6bf0ed06
154e0ce8-9429-43ce-b35a-6e8a6a1eea13,783a36aa-334d-4e88-88cf-65b04f6a0fc3
154e0ce8-9429-43ce-b35a-6e8a6a1eea13,d9fd706a-05fe-4cbf-aa17-ef87fba1bb1b
154e0ce8-9429-43ce-b35a-6e8a6a1eea13,6d056ecb-5e47-44bb-b9ef-d33e87f98d96
154e0ce8-9429-43ce-b35a-6e8a6a1eea13,45e64d53-de11-4614-8e1b-3b16aac95357
154e0ce8-9429-43ce-b35a-6e8a6a1eea13,b6ce3169-694b-4c53-97e3-97364d3c6f4b
154e0ce8-9429-43ce-b35a-6e8a6a1eea13,1323fd17-1e4c-4b33-a1a9-6d1ef29bbb23
154e0ce8-9429-43ce-b35a-6e8a6a1eea13,cd548d76-1702-4cf5-a5d1-c2101fac11f2
154e0ce8-9429-43ce-b35a-6e8a6a1eea13,274fb507-6d75-46b0-87f5-8d873644c52c
154e0ce8-9429-43ce-b35a-6e8a6a1eea13,8b635074-268f-466c-949e-aaaf0b143834
154e0ce8-9429-43ce-b35a-6e8a6a1eea13,a31954ad-5c6c-4a28-9cb0-2c6c3dfe99cd
154e0ce8-9429-43ce-b35a-6e8a6a1eea13,60a51ad1-ba52-43e5-9218-54e27ca857e0
154e0ce8-9429-43ce-b35a-6e8a6a1eea13,de2ff47e-217a-4f7d-be31-1b2a9926eda9
154e0ce8-9429-43ce-b35a-6e8a6a1eea13,1d19f678-f760-4786-9b01-1fb8917f0220
154e0ce8-9429-43ce-b35a-6e8a6a1eea13,979f809c-bc8f-4eec-89ce-de32b4175b32
154e0ce8-9429-43ce-b35a-6e8a6a1eea13,58bce0b5-fe59-44c4-a5e4-0242444215bf
154e0ce8-9429-43ce-b35a-6e8a6a1eea13,80bf27c4-ceeb-45bb-b9d0-3696000167be
247b42be-a386-445d-a14c-13dc84560097,de2ff47e-217a-4f7d-be31-1b2a9926eda9
247b42be-a386-445d-a14c-13dc84560097,a31954ad-5c6c-4a28-9cb0-2c6c3dfe99cd
247b42be-a386-445d-a14c-13dc84560097,a72d121a-7487-438d-b961-cbbf19626135
247b42be-a386-445d-a14c-13dc84560097,58bce0b5-fe59-44c4-a5e4-0242444215bf
247b42be-a386-445d-a14c-13dc84560097,100a25a8-1074-4082-bf3e-619e6bf0ed06
247b42be-a386-445d-a14c-13dc84560097,4f37e0ee-e916-47ea-affc-4d01665bb2db
247b42be-a386-445d-a14c-13dc84560097,b0de0f60-82c8-4e43-a209-4528f01d0b4a
247b42be-a386-445d-a14c-13dc84560097,6d056ecb-5e47-44bb-b9ef-d33e87f98d96
247b42be-a386-445d-a14c-13dc84560097,783a36aa-334d-4e88-88cf-65b04f6a0fc3
247b42be-a386-445d-a14c-13dc84560097,274fb507-6d75-46b0-87f5-8d873644c52c
247b42be-a386-445d-a14c-13dc84560097,aa9058c2-3702-4840-909d-4536f8ef27e7
247b42be-a386-445d-a14c-13dc84560097,1323fd17-1e4c-4b33-a1a9-6d1ef29bbb23
247b42be-a386-445d-a14c-13dc84560097,d9fd706a-05fe-4cbf-aa17-ef87fba1bb1b
247b42be-a386-445d-a14c-13dc84560097,5adb709a-3442-4a19-88f1-9ad37b4012bd
247b42be-a386-445d-a14c-13dc84560097,8b635074-268f-466c-949e-aaaf0b143834
247b42be-a386-445d-a14c-13dc84560097,979f809c-bc8f-4eec-89ce-de32b4175b32
247b42be-a386-445d-a14c-13dc84560097,cd548d76-1702-4cf5-a5d1-c2101fac11f2
247b42be-a386-445d-a14c-13dc84560097,7a199e8b-b8e1-46d2-beb8-99ba92f52dcd
247b42be-a386-445d-a14c-13dc84560097,60a51ad1-ba52-43e5-9218-54e27ca857e0
247b42be-a386-445d-a14c-13dc84560097,b6ce3169-694b-4c53-97e3-97364d3c6f4b
247b42be-a386-445d-a14c-13dc84560097,b0925a87-018c-48ca-a1dd-fa67f1d7446a
247b42be-a386-445d-a14c-13dc84560097,1d19f678-f760-4786-9b01-1fb8917f0220
247b42be-a386-445d-a14c-13dc84560097,4b118e6e-16fe-4b89-b29c-17edd6303d62
247b42be-a386-445d-a14c-13dc84560097,45e64d53-de11-4614-8e1b-3b16aac95357
247b42be-a386-445d-a14c-13dc84560097,80bf27c4-ceeb-45bb-b9d0-3696000167be
2d1b3bdf-8ad5-4555-bcaa-6971242e3b03,5adb709a-3442-4a19-88f1-9ad37b4012bd
2d1b3bdf-8ad5-4555-bcaa-6971242e3b03,de2ff47e-217a-4f7d-be31-1b2a9926eda9
2d1b3bdf-8ad5-4555-bcaa-6971242e3b03,7a199e8b-b8e1-46d2-beb8-99ba92f52dcd
2d1b3bdf-8ad5-4555-bcaa-6971242e3b03,6d056ecb-5e47-44bb-b9ef-d33e87f98d96
2d1b3bdf-8ad5-4555-bcaa-6971242e3b03,4f37e0ee-e916-47ea-affc-4d01665bb2db
2d1b3bdf-8ad5-4555-bcaa-6971242e3b03,b6ce3169-694b-4c53-97e3-97364d3c6f4b
2d1b3bdf-8ad5-4555-bcaa-6971242e3b03,d9fd706a-05fe-4cbf-aa17-ef87fba1bb1b
2d1b3bdf-8ad5-4555-bcaa-6971242e3b03,cd548d76-1702-4cf5-a5d1-c2101fac11f2
2d1b3bdf-8ad5-4555-bcaa-6971242e3b03,100a25a8-1074-4082-bf3e-619e6bf0ed06
2d1b3bdf-8ad5-4555-bcaa-6971242e3b03,1d19f678-f760-4786-9b01-1fb8917f0220
2d1b3bdf-8ad5-4555-bcaa-6971242e3b03,1323fd17-1e4c-4b33-a1a9-6d1ef29bbb23
2d1b3bdf-8ad5-4555-bcaa-6971242e3b03,783a36aa-334d-4e88-88cf-65b04f6a0fc3
2d1b3bdf-8ad5-4555-bcaa-6971242e3b03,274fb507-6d75-46b0-87f5-8d873644c52c
2d1b3bdf-8ad5-4555-bcaa-6971242e3b03,4b118e6e-16fe-4b89-b29c-17edd6303d62
2d1b3bdf-8ad5-4555-bcaa-6971242e3b03,45e64d53-de11-4614-8e1b-3b16aac95357
2d1b3bdf-8ad5-4555-bcaa-6971242e3b03,aa9058c2-3702-4840-909d-4536f8ef27e7
2d1b3bdf-8ad5-4555-bcaa-6971242e3b03,58bce0b5-fe59-44c4-a5e4-0242444215bf
2d1b3bdf-8ad5-4555-bcaa-6971242e3b03,80bf27c4-ceeb-45bb-b9d0-3696000167be
2d1b3bdf-8ad5-4555-bcaa-6971242e3b03,8b635074-268f-466c-949e-aaaf0b143834
2d1b3bdf-8ad5-4555-bcaa-6971242e3b03,a31954ad-5c6c-4a28-9cb0-2c6c3dfe99cd
2d1b3bdf-8ad5-4555-bcaa-6971242e3b03,60a51ad1-ba52-43e5-9218-54e27ca857e0
2d1b3bdf-8ad5-4555-bcaa-6971242e3b03,b0925a87-018c-48ca-a1dd-fa67f1d7446a
2d1b3bdf-8ad5-4555-bcaa-6971242e3b03,979f809c-bc8f-4eec-89ce-de32b4175b32
2d1b3bdf-8ad5-4555-bcaa-6971242e3b03,a72d121a-7487-438d-b961-cbbf19626135
2d1b3bdf-8ad5-4555-bcaa-6971242e3b03,b0de0f60-82c8-4e43-a209-4528f01d0b4a
6872cb5b-5430-460e-b2d7-baa38e087eea,8b635074-268f-466c-949e-aaaf0b143834
6872cb5b-5430-460e-b2d7-baa38e087eea,a72d121a-7487-438d-b961-cbbf19626135
6872cb5b-5430-460e-b2d7-baa38e087eea,a31954ad-5c6c-4a28-9cb0-2c6c3dfe99cd
6872cb5b-5430-460e-b2d7-baa38e087eea,5adb709a-3442-4a19-88f1-9ad37b4012bd
6872cb5b-5430-460e-b2d7-baa38e087eea,b0925a87-018c-48ca-a1dd-fa67f1d7446a
6872cb5b-5430-460e-b2d7-baa38e087eea,80bf27c4-ceeb-45bb-b9d0-3696000167be
6872cb5b-5430-460e-b2d7-baa38e087eea,6d056ecb-5e47-44bb-b9ef-d33e87f98d96
6872cb5b-5430-460e-b2d7-baa38e087eea,783a36aa-334d-4e88-88cf-65b04f6a0fc3
6872cb5b-5430-460e-b2d7-baa38e087eea,1d19f678-f760-4786-9b01-1fb8917f0220
6872cb5b-5430-460e-b2d7-baa38e087eea,7a199e8b-b8e1-46d2-beb8-99ba92f52dcd
6872cb5b-5430-460e-b2d7-baa38e087eea,100a25a8-1074-4082-bf3e-619e6bf0ed06
6872cb5b-5430-460e-b2d7-baa38e087eea,cd548d76-1702-4cf5-a5d1-c2101fac11f2
6872cb5b-5430-460e-b2d7-baa38e087eea,de2ff47e-217a-4f7d-be31-1b2a9926eda9
6872cb5b-5430-460e-b2d7-baa38e087eea,4f37e0ee-e916-47ea-affc-4d01665bb2db
6872cb5b-5430-460e-b2d7-baa38e087eea,4b118e6e-16fe-4b89-b29c-17edd6303d62
6872cb5b-5430-460e-b2d7-baa38e087eea,274fb507-6d75-46b0-87f5-8d873644c52c
6872cb5b-5430-460e-b2d7-baa38e087eea,60a51ad1-ba52-43e5-9218-54e27ca857e0
6872cb5b-5430-460e-b2d7-baa38e087eea,aa9058c2-3702-4840-909d-4536f8ef27e7
6872cb5b-5430-460e-b2d7-baa38e087eea,58bce0b5-fe59-44c4-a5e4-0242444215bf
6872cb5b-5430-460e-b2d7-baa38e087eea,45e64d53-de11-4614-8e1b-3b16aac95357
6872cb5b-5430-460e-b2d7-baa38e087eea,1323fd17-1e4c-4b33-a1a9-6d1ef29bbb23
6872cb5b-5430-460e-b2d7-baa38e087eea,979f809c-bc8f-4eec-89ce-de32b4175b32
6872cb5b-5430-460e-b2d7-baa38e087eea,d9fd706a-05fe-4cbf-aa17-ef87fba1bb1b
6872cb5b-5430-460e-b2d7-baa38e087eea,b6ce3169-694b-4c53-97e3-97364d3c6f4b
6872cb5b-5430-460e-b2d7-baa38e087eea,b0de0f60-82c8-4e43-a209-4528f01d0b4a
7dba91f3-cb5a-40ce-9269-30acbde046f1,b0925a87-018c-48ca-a1dd-fa67f1d7446a
7dba91f3-cb5a-40ce-9269-30acbde046f1,b0de0f60-82c8-4e43-a209-4528f01d0b4a
7dba91f3-cb5a-40ce-9269-30acbde046f1,8b635074-268f-466c-949e-aaaf0b143834
7dba91f3-cb5a-40ce-9269-30acbde046f1,de2ff47e-217a-4f7d-be31-1b2a9926eda9
7dba91f3-cb5a-40ce-9269-30acbde046f1,4b118e6e-16fe-4b89-b29c-17edd6303d62
7dba91f3-cb5a-40ce-9269-30acbde046f1,5adb709a-3442-4a19-88f1-9ad37b4012bd
7dba91f3-cb5a-40ce-9269-30acbde046f1,b6ce3169-694b-4c53-97e3-97364d3c6f4b
7dba91f3-cb5a-40ce-9269-30acbde046f1,6d056ecb-5e47-44bb-b9ef-d33e87f98d96
7dba91f3-cb5a-40ce-9269-30acbde046f1,100a25a8-1074-4082-bf3e-619e6bf0ed06
7dba91f3-cb5a-40ce-9269-30acbde046f1,274fb507-6d75-46b0-87f5-8d873644c52c
7dba91f3-cb5a-40ce-9269-30acbde046f1,783a36aa-334d-4e88-88cf-65b04f6a0fc3
7dba91f3-cb5a-40ce-9269-30acbde046f1,cd548d76-1702-4cf5-a5d1-c2101fac11f2
7dba91f3-cb5a-40ce-9269-30acbde046f1,4f37e0ee-e916-47ea-affc-4d01665bb2db
7dba91f3-cb5a-40ce-9269-30acbde046f1,1d19f678-f760-4786-9b01-1fb8917f0220
7dba91f3-cb5a-40ce-9269-30acbde046f1,45e64d53-de11-4614-8e1b-3b16aac95357
7dba91f3-cb5a-40ce-9269-30acbde046f1,7a199e8b-b8e1-46d2-beb8-99ba92f52dcd
7dba91f3-cb5a-40ce-9269-30acbde046f1,60a51ad1-ba52-43e5-9218-54e27ca857e0
7dba91f3-cb5a-40ce-9269-30acbde046f1,aa9058c2-3702-4840-909d-4536f8ef27e7
7dba91f3-cb5a-40ce-9269-30acbde046f1,1323fd17-1e4c-4b33-a1a9-6d1ef29bbb23
7dba91f3-cb5a-40ce-9269-30acbde046f1,a31954ad-5c6c-4a28-9cb0-2c6c3dfe99cd
7dba91f3-cb5a-40ce-9269-30acbde046f1,979f809c-bc8f-4eec-89ce-de32b4175b32
7dba91f3-cb5a-40ce-9269-30acbde046f1,d9fd706a-05fe-4cbf-aa17-ef87fba1bb1b
7dba91f3-cb5a-40ce-9269-30acbde046f1,58bce0b5-fe59-44c4-a5e4-0242444215bf
7dba91f3-cb5a-40ce-9269-30acbde046f1,a72d121a-7487-438d-b961-cbbf19626135
7dba91f3-cb5a-40ce-9269-30acbde046f1,80bf27c4-ceeb-45bb-b9d0-3696000167be
a8339700-9ee1-4341-921d-c9c6f28cb533,8b635074-268f-466c-949e-aaaf0b143834
a8339700-9ee1-4341-921d-c9c6f28cb533,4f37e0ee-e916-47ea-affc-4d01665bb2db
a8339700-9ee1-4341-921d-c9c6f28cb533,100a25a8-1074-4082-bf3e-619e6bf0ed06
a8339700-9ee1-4341-921d-c9c6f28cb533,a31954ad-5c6c-4a28-9cb0-2c6c3dfe99cd
a8339700-9ee1-4341-921d-c9c6f28cb533,b0de0f60-82c8-4e43-a209-4528f01d0b4a
a8339700-9ee1-4341-921d-c9c6f28cb533,58bce0b5-fe59-44c4-a5e4-0242444215bf
a8339700-9ee1-4341-921d-c9c6f28cb533,b0925a87-018c-48ca-a1dd-fa67f1d7446a
a8339700-9ee1-4341-921d-c9c6f28cb533,274fb507-6d75-46b0-87f5-8d873644c52c
a8339700-9ee1-4341-921d-c9c6f28cb533,60a51ad1-ba52-43e5-9218-54e27ca857e0
a8339700-9ee1-4341-921d-c9c6f28cb533,d9fd706a-05fe-4cbf-aa17-ef87fba1bb1b
a8339700-9ee1-4341-921d-c9c6f28cb533,7a199e8b-b8e1-46d2-beb8-99ba92f52dcd
a8339700-9ee1-4341-921d-c9c6f28cb533,aa9058c2-3702-4840-909d-4536f8ef27e7
a8339700-9ee1-4341-921d-c9c6f28cb533,1d19f678-f760-4786-9b01-1fb8917f0220
a8339700-9ee1-4341-921d-c9c6f28cb533,cd548d76-1702-4cf5-a5d1-c2101fac11f2
a8339700-9ee1-4341-921d-c9c6f28cb533,1323fd17-1e4c-4b33-a1a9-6d1ef29bbb23
a8339700-9ee1-4341-921d-c9c6f28cb533,979f809c-bc8f-4eec-89ce-de32b4175b32
a8339700-9ee1-4341-921d-c9c6f28cb533,4b118e6e-16fe-4b89-b29c-17edd6303d62
a8339700-9ee1-4341-921d-c9c6f28cb533,b6ce3169-694b-4c53-97e3-97364d3c6f4b
a8339700-9ee1-4341-921d-c9c6f28cb533,de2ff47e-217a-4f7d-be31-1b2a9926eda9
a8339700-9ee1-4341-921d-c9c6f28cb533,45e64d53-de11-4614-8e1b-3b16aac95357
a8339700-9ee1-4341-921d-c9c6f28cb533,a72d121a-7487-438d-b961-cbbf19626135
a8339700-9ee1-4341-921d-c9c6f28cb533,783a36aa-334d-4e88-88cf-65b04f6a0fc3
a8339700-9ee1-4341-921d-c9c6f28cb533,5adb709a-3442-4a19-88f1-9ad37b4012bd
a8339700-9ee1-4341-921d-c9c6f28cb533,6d056ecb-5e47-44bb-b9ef-d33e87f98d96
a8339700-9ee1-4341-921d-c9c6f28cb533,80bf27c4-ceeb-45bb-b9d0-3696000167be
5441f23a-a8d6-4b5b-bfa5-043fad448dd3,a31954ad-5c6c-4a28-9cb0-2c6c3dfe99cd
5441f23a-a8d6-4b5b-bfa5-043fad448dd3,8b635074-268f-466c-949e-aaaf0b143834
5441f23a-a8d6-4b5b-bfa5-043fad448dd3,de2ff47e-217a-4f7d-be31-1b2a9926eda9
5441f23a-a8d6-4b5b-bfa5-043fad448dd3,5adb709a-3442-4a19-88f1-9ad37b4012bd
5441f23a-a8d6-4b5b-bfa5-043fad448dd3,80bf27c4-ceeb-45bb-b9d0-3696000167be
5441f23a-a8d6-4b5b-bfa5-043fad448dd3,274fb507-6d75-46b0-87f5-8d873644c52c
5441f23a-a8d6-4b5b-bfa5-043fad448dd3,b6ce3169-694b-4c53-97e3-97364d3c6f4b
5441f23a-a8d6-4b5b-bfa5-043fad448dd3,783a36aa-334d-4e88-88cf-65b04f6a0fc3
5441f23a-a8d6-4b5b-bfa5-043fad448dd3,cd548d76-1702-4cf5-a5d1-c2101fac11f2
5441f23a-a8d6-4b5b-bfa5-043fad448dd3,6d056ecb-5e47-44bb-b9ef-d33e87f98d96
5441f23a-a8d6-4b5b-bfa5-043fad448dd3,60a51ad1-ba52-43e5-9218-54e27ca857e0
5441f23a-a8d6-4b5b-bfa5-043fad448dd3,7a199e8b-b8e1-46d2-beb8-99ba92f52dcd
5441f23a-a8d6-4b5b-bfa5-043fad448dd3,45e64d53-de11-4614-8e1b-3b16aac95357
5441f23a-a8d6-4b5b-bfa5-043fad448dd3,aa9058c2-3702-4840-909d-4536f8ef27e7
5441f23a-a8d6-4b5b-bfa5-043fad448dd3,1323fd17-1e4c-4b33-a1a9-6d1ef29bbb23
5441f23a-a8d6-4b5b-bfa5-043fad448dd3,4b118e6e-16fe-4b89-b29c-17edd6303d62
5441f23a-a8d6-4b5b-bfa5-043fad448dd3,1d19f678-f760-4786-9b01-1fb8917f0220
5441f23a-a8d6-4b5b-bfa5-043fad448dd3,58bce0b5-fe59-44c4-a5e4-0242444215bf
5441f23a-a8d6-4b5b-bfa5-043fad448dd3,d9fd706a-05fe-4cbf-aa17-ef87fba1bb1b
5441f23a-a8d6-4b5b-bfa5-043fad448dd3,100a25a8-1074-4082-bf3e-619e6bf0ed06
5441f23a-a8d6-4b5b-bfa5-043fad448dd3,979f809c-bc8f-4eec-89ce-de32b4175b32
5441f23a-a8d6-4b5b-bfa5-043fad448dd3,b0925a87-018c-48ca-a1dd-fa67f1d7446a
5441f23a-a8d6-4b5b-bfa5-043fad448dd3,4f37e0ee-e916-47ea-affc-4d01665bb2db
5441f23a-a8d6-4b5b-bfa5-043fad448dd3,a72d121a-7487-438d-b961-cbbf19626135
5441f23a-a8d6-4b5b-bfa5-043fad448dd3,b0de0f60-82c8-4e43-a209-4528f01d0b4a
6eb1b6be-24d7-4b61-94a9-54e0ebfe2588,4f37e0ee-e916-47ea-affc-4d01665bb2db
6eb1b6be-24d7-4b61-94a9-54e0ebfe2588,979f809c-bc8f-4eec-89ce-de32b4175b32
6eb1b6be-24d7-4b61-94a9-54e0ebfe2588,100a25a8-1074-4082-bf3e-619e6bf0ed06
6eb1b6be-24d7-4b61-94a9-54e0ebfe2588,80bf27c4-ceeb-45bb-b9d0-3696000167be
6eb1b6be-24d7-4b61-94a9-54e0ebfe2588,b0925a87-018c-48ca-a1dd-fa67f1d7446a
6eb1b6be-24d7-4b61-94a9-54e0ebfe2588,aa9058c2-3702-4840-909d-4536f8ef27e7
6eb1b6be-24d7-4b61-94a9-54e0ebfe2588,58bce0b5-fe59-44c4-a5e4-0242444215bf
6eb1b6be-24d7-4b61-94a9-54e0ebfe2588,5adb709a-3442-4a19-88f1-9ad37b4012bd
6eb1b6be-24d7-4b61-94a9-54e0ebfe2588,cd548d76-1702-4cf5-a5d1-c2101fac11f2
6eb1b6be-24d7-4b61-94a9-54e0ebfe2588,b0de0f60-82c8-4e43-a209-4528f01d0b4a
6eb1b6be-24d7-4b61-94a9-54e0ebfe2588,a72d121a-7487-438d-b961-cbbf19626135
6eb1b6be-24d7-4b61-94a9-54e0ebfe2588,7a199e8b-b8e1-46d2-beb8-99ba92f52dcd
6eb1b6be-24d7-4b61-94a9-54e0ebfe2588,6d056ecb-5e47-44bb-b9ef-d33e87f98d96
6eb1b6be-24d7-4b61-94a9-54e0ebfe2588,1d19f678-f760-4786-9b01-1fb8917f0220
6eb1b6be-24d7-4b61-94a9-54e0ebfe2588,b6ce3169-694b-4c53-97e3-97364d3c6f4b
6eb1b6be-24d7-4b61-94a9-54e0ebfe2588,60a51ad1-ba52-43e5-9218-54e27ca857e0
6eb1b6be-24d7-4b61-94a9-54e0ebfe2588,8b635074-268f-466c-949e-aaaf0b143834
6eb1b6be-24d7-4b61-94a9-54e0ebfe2588,274fb507-6d75-46b0-87f5-8d873644c52c
6eb1b6be-24d7-4b61-94a9-54e0ebfe2588,a31954ad-5c6c-4a28-9cb0-2c6c3dfe99cd
6eb1b6be-24d7-4b61-94a9-54e0ebfe2588,de2ff47e-217a-4f7d-be31-1b2a9926eda9
6eb1b6be-24d7-4b61-94a9-54e0ebfe2588,4b118e6e-16fe-4b89-b29c-17edd6303d62
6eb1b6be-24d7-4b61-94a9-54e0ebfe2588,45e64d53-de11-4614-8e1b-3b16aac95357
6eb1b6be-24d7-4b61-94a9-54e0ebfe2588,d9fd706a-05fe-4cbf-aa17-ef87fba1bb1b
6eb1b6be-24d7-4b61-94a9-54e0ebfe2588,783a36aa-334d-4e88-88cf-65b04f6a0fc3
6eb1b6be-24d7-4b61-94a9-54e0ebfe2588,1323fd17-1e4c-4b33-a1a9-6d1ef29bbb23
719468f4-e599-444a-8613-f797f5c5382d,a31954ad-5c6c-4a28-9cb0-2c6c3dfe99cd
719468f4-e599-444a-8613-f797f5c5382d,a72d121a-7487-438d-b961-cbbf19626135
719468f4-e599-444a-8613-f797f5c5382d,b0de0f60-82c8-4e43-a209-4528f01d0b4a
719468f4-e599-444a-8613-f797f5c5382d,6d056ecb-5e47-44bb-b9ef-d33e87f98d96
719468f4-e599-444a-8613-f797f5c5382d,80bf27c4-ceeb-45bb-b9d0-3696000167be
719468f4-e599-444a-8613-f797f5c5382d,100a25a8-1074-4082-bf3e-619e6bf0ed06
719468f4-e599-444a-8613-f797f5c5382d,783a36aa-334d-4e88-88cf-65b04f6a0fc3
719468f4-e599-444a-8613-f797f5c5382d,4f37e0ee-e916-47ea-affc-4d01665bb2db
719468f4-e599-444a-8613-f797f5c5382d,274fb507-6d75-46b0-87f5-8d873644c52c
719468f4-e599-444a-8613-f797f5c5382d,1323fd17-1e4c-4b33-a1a9-6d1ef29bbb23
719468f4-e599-444a-8613-f797f5c5382d,4b118e6e-16fe-4b89-b29c-17edd6303d62
719468f4-e599-444a-8613-f797f5c5382d,de2ff47e-217a-4f7d-be31-1b2a9926eda9
719468f4-e599-444a-8613-f797f5c5382d,d9fd706a-05fe-4cbf-aa17-ef87fba1bb1b
719468f4-e599-444a-8613-f797f5c5382d,aa9058c2-3702-4840-909d-4536f8ef27e7
719468f4-e599-444a-8613-f797f5c5382d,5adb709a-3442-4a19-88f1-9ad37b4012bd
719468f4-e599-444a-8613-f797f5c5382d,cd548d76-1702-4cf5-a5d1-c2101fac11f2
719468f4-e599-444a-8613-f797f5c5382d,979f809c-bc8f-4eec-89ce-de32b4175b32
719468f4-e599-444a-8613-f797f5c5382d,7a199e8b-b8e1-46d2-beb8-99ba92f52dcd
719468f4-e599-444a-8613-f797f5c5382d,60a51ad1-ba52-43e5-9218-54e27ca857e0
719468f4-e599-444a-8613-f797f5c5382d,8b635074-268f-466c-949e-aaaf0b143834
719468f4-e599-444a-8613-f797f5c5382d,58bce0b5-fe59-44c4-a5e4-0242444215bf
719468f4-e599-444a-8613-f797f5c5382d,45e64d53-de11-4614-8e1b-3b16aac95357
719468f4-e599-444a-8613-f797f5c5382d,b0925a87-018c-48ca-a1dd-fa67f1d7446a
719468f4-e599-444a-8613-f797f5c5382d,1d19f678-f760-4786-9b01-1fb8917f0220
719468f4-e599-444a-8613-f797f5c5382d,b6ce3169-694b-4c53-97e3-97364d3c6f4b
aa228c59-bed9-4c2b-af24-6f238d33f95f,a72d121a-7487-438d-b961-cbbf19626135
aa228c59-bed9-4c2b-af24-6f238d33f95f,274fb507-6d75-46b0-87f5-8d873644c52c
aa228c59-bed9-4c2b-af24-6f238d33f95f,100a25a8-1074-4082-bf3e-619e6bf0ed06
aa228c59-bed9-4c2b-af24-6f238d33f95f,a31954ad-5c6c-4a28-9cb0-2c6c3dfe99cd
aa228c59-bed9-4c2b-af24-6f238d33f95f,5adb709a-3442-4a19-88f1-9ad37b4012bd
aa228c59-bed9-4c2b-af24-6f238d33f95f,b0925a87-018c-48ca-a1dd-fa67f1d7446a
aa228c59-bed9-4c2b-af24-6f238d33f95f,de2ff47e-217a-4f7d-be31-1b2a9926eda9
aa228c59-bed9-4c2b-af24-6f238d33f95f,60a51ad1-ba52-43e5-9218-54e27ca857e0
aa228c59-bed9-4c2b-af24-6f238d33f95f,8b635074-268f-466c-949e-aaaf0b143834
aa228c59-bed9-4c2b-af24-6f238d33f95f,80bf27c4-ceeb-45bb-b9d0-3696000167be
aa228c59-bed9-4c2b-af24-6f238d33f95f,45e64d53-de11-4614-8e1b-3b16aac95357
aa228c59-bed9-4c2b-af24-6f238d33f95f,6d056ecb-5e47-44bb-b9ef-d33e87f98d96
aa228c59-bed9-4c2b-af24-6f238d33f95f,979f809c-bc8f-4eec-89ce-de32b4175b32
aa228c59-bed9-4c2b-af24-6f238d33f95f,cd548d76-1702-4cf5-a5d1-c2101fac11f2
aa228c59-bed9-4c2b-af24-6f238d33f95f,4b118e6e-16fe-4b89-b29c-17edd6303d62
aa228c59-bed9-4c2b-af24-6f238d33f95f,1d19f678-f760-4786-9b01-1fb8917f0220
aa228c59-bed9-4c2b-af24-6f238d33f95f,aa9058c2-3702-4840-909d-4536f8ef27e7
aa228c59-bed9-4c2b-af24-6f238d33f95f,1323fd17-1e4c-4b33-a1a9-6d1ef29bbb23
aa228c59-bed9-4c2b-af24-6f238d33f95f,d9fd706a-05fe-4cbf-aa17-ef87fba1bb1b
aa228c59-bed9-4c2b-af24-6f238d33f95f,58bce0b5-fe59-44c4-a5e4-0242444215bf
aa228c59-bed9-4c2b-af24-6f238d33f95f,b6ce3169-694b-4c53-97e3-97364d3c6f4b
aa228c59-bed9-4c2b-af24-6f238d33f95f,4f37e0ee-e916-47ea-affc-4d01665bb2db
aa228c59-bed9-4c2b-af24-6f238d33f95f,783a36aa-334d-4e88-88cf-65b04f6a0fc3
aa228c59-bed9-4c2b-af24-6f238d33f95f,7a199e8b-b8e1-46d2-beb8-99ba92f52dcd
aa228c59-bed9-4c2b-af24-6f238d33f95f,b0de0f60-82c8-4e43-a209-4528f01d0b4a
bb73c19e-1d1c-4430-8e84-1f922ebfd19f,de2ff47e-217a-4f7d-be31-1b2a9926eda9
bb73c19e-1d1c-4430-8e84-1f922ebfd19f,8b635074-268f-466c-949e-aaaf0b143834
bb73c19e-1d1c-4430-8e84-1f922ebfd19f,783a36aa-334d-4e88-88cf-65b04f6a0fc3
bb73c19e-1d1c-4430-8e84-1f922ebfd19f,b0925a87-018c-48ca-a1dd-fa67f1d7446a
bb73c19e-1d1c-4430-8e84-1f922ebfd19f,a72d121a-7487-438d-b961-cbbf19626135
bb73c19e-1d1c-4430-8e84-1f922ebfd19f,b0de0f60-82c8-4e43-a209-4528f01d0b4a
bb73c19e-1d1c-4430-8e84-1f922ebfd19f,1323fd17-1e4c-4b33-a1a9-6d1ef29bbb23
bb73c19e-1d1c-4430-8e84-1f922ebfd19f,60a51ad1-ba52-43e5-9218-54e27ca857e0
bb73c19e-1d1c-4430-8e84-1f922ebfd19f,4b118e6e-16fe-4b89-b29c-17edd6303d62
bb73c19e-1d1c-4430-8e84-1f922ebfd19f,7a199e8b-b8e1-46d2-beb8-99ba92f52dcd
bb73c19e-1d1c-4430-8e84-1f922ebfd19f,d9fd706a-05fe-4cbf-aa17-ef87fba1bb1b
bb73c19e-1d1c-4430-8e84-1f922ebfd19f,45e64d53-de11-4614-8e1b-3b16aac95357
bb73c19e-1d1c-4430-8e84-1f922ebfd19f,58bce0b5-fe59-44c4-a5e4-0242444215bf
bb73c19e-1d1c-4430-8e84-1f922ebfd19f,cd548d76-1702-4cf5-a5d1-c2101fac11f2
bb73c19e-1d1c-4430-8e84-1f922ebfd19f,5adb709a-3442-4a19-88f1-9ad37b4012bd
bb73c19e-1d1c-4430-8e84-1f922ebfd19f,274fb507-6d75-46b0-87f5-8d873644c52c
bb73c19e-1d1c-4430-8e84-1f922ebfd19f,a31954ad-5c6c-4a28-9cb0-2c6c3dfe99cd
bb73c19e-1d1c-4430-8e84-1f922ebfd19f,b6ce3169-694b-4c53-97e3-97364d3c6f4b
bb73c19e-1d1c-4430-8e84-1f922ebfd19f,1d19f678-f760-4786-9b01-1fb8917f0220
bb73c19e-1d1c-4430-8e84-1f922ebfd19f,979f809c-bc8f-4eec-89ce-de32b4175b32
bb73c19e-1d1c-4430-8e84-1f922ebfd19f,100a25a8-1074-4082-bf3e-619e6bf0ed06
bb73c19e-1d1c-4430-8e84-1f922ebfd19f,4f37e0ee-e916-47ea-affc-4d01665bb2db
bb73c19e-1d1c-4430-8e84-1f922ebfd19f,6d056ecb-5e47-44bb-b9ef-d33e87f98d96
bb73c19e-1d1c-4430-8e84-1f922ebfd19f,aa9058c2-3702-4840-909d-4536f8ef27e7
bb73c19e-1d1c-4430-8e84-1f922ebfd19f,80bf27c4-ceeb-45bb-b9d0-3696000167be
5494890e-56c4-447e-a82a-7e7332e6711f,a72d121a-7487-438d-b961-cbbf19626135
5494890e-56c4-447e-a82a-7e7332e6711f,8b635074-268f-466c-949e-aaaf0b143834
5494890e-56c4-447e-a82a-7e7332e6711f,60a51ad1-ba52-43e5-9218-54e27ca857e0
5494890e-56c4-447e-a82a-7e7332e6711f,100a25a8-1074-4082-bf3e-619e6bf0ed06
5494890e-56c4-447e-a82a-7e7332e6711f,274fb507-6d75-46b0-87f5-8d873644c52c
5494890e-56c4-447e-a82a-7e7332e6711f,6d056ecb-5e47-44bb-b9ef-d33e87f98d96
5494890e-56c4-447e-a82a-7e7332e6711f,de2ff47e-217a-4f7d-be31-1b2a9926eda9
5494890e-56c4-447e-a82a-7e7332e6711f,80bf27c4-ceeb-45bb-b9d0-3696000167be
5494890e-56c4-447e-a82a-7e7332e6711f,45e64d53-de11-4614-8e1b-3b16aac95357
5494890e-56c4-447e-a82a-7e7332e6711f,cd548d76-1702-4cf5-a5d1-c2101fac11f2
5494890e-56c4-447e-a82a-7e7332e6711f,1323fd17-1e4c-4b33-a1a9-6d1ef29bbb23
5494890e-56c4-447e-a82a-7e7332e6711f,b6ce3169-694b-4c53-97e3-97364d3c6f4b
5494890e-56c4-447e-a82a-7e7332e6711f,4b118e6e-16fe-4b89-b29c-17edd6303d62
5494890e-56c4-447e-a82a-7e7332e6711f,1d19f678-f760-4786-9b01-1fb8917f0220
5494890e-56c4-447e-a82a-7e7332e6711f,aa9058c2-3702-4840-909d-4536f8ef27e7
5494890e-56c4-447e-a82a-7e7332e6711f,58bce0b5-fe59-44c4-a5e4-0242444215bf
5494890e-56c4-447e-a82a-7e7332e6711f,5adb709a-3442-4a19-88f1-9ad37b4012bd
5494890e-56c4-447e-a82a-7e7332e6711f,a31954ad-5c6c-4a28-9cb0-2c6c3dfe99cd
5494890e-56c4-447e-a82a-7e7332e6711f,b0925a87-018c-48ca-a1dd-fa67f1d7446a
5494890e-56c4-447e-a82a-7e7332e6711f,979f809c-bc8f-4eec-89ce-de32b4175b32
5494890e-56c4-447e-a82a-7e7332e6711f,d9fd706a-05fe-4cbf-aa17-ef87fba1bb1b
5494890e-56c4-447e-a82a-7e7332e6711f,4f37e0ee-e916-47ea-affc-4d01665bb2db
5494890e-56c4-447e-a82a-7e7332e6711f,783a36aa-334d-4e88-88cf-65b04f6a0fc3
5494890e-56c4-447e-a82a-7e7332e6711f,7a199e8b-b8e1-46d2-beb8-99ba92f52dcd
5494890e-56c4-447e-a82a-7e7332e6711f,b0de0f60-82c8-4e43-a209-4528f01d0b4a
291dd9ff-830c-404a-932c-b7bf4afbc6a7,a31954ad-5c6c-4a28-9cb0-2c6c3dfe99cd
291dd9ff-830c-404a-932c-b7bf4afbc6a7,b0de0f60-82c8-4e43-a209-4528f01d0b4a
291dd9ff-830c-404a-932c-b7bf4afbc6a7,80bf27c4-ceeb-45bb-b9d0-3696000167be
291dd9ff-830c-404a-932c-b7bf4afbc6a7,de2ff47e-217a-4f7d-be31-1b2a9926eda9
291dd9ff-830c-404a-932c-b7bf4afbc6a7,5adb709a-3442-4a19-88f1-9ad37b4012bd
291dd9ff-830c-404a-932c-b7bf4afbc6a7,58bce0b5-fe59-44c4-a5e4-0242444215bf
291dd9ff-830c-404a-932c-b7bf4afbc6a7,1323fd17-1e4c-4b33-a1a9-6d1ef29bbb23
291dd9ff-830c-404a-932c-b7bf4afbc6a7,45e64d53-de11-4614-8e1b-3b16aac95357
291dd9ff-830c-404a-932c-b7bf4afbc6a7,8b635074-268f-466c-949e-aaaf0b143834
291dd9ff-830c-404a-932c-b7bf4afbc6a7,cd548d76-1702-4cf5-a5d1-c2101fac11f2
291dd9ff-830c-404a-932c-b7bf4afbc6a7,60a51ad1-ba52-43e5-9218-54e27ca857e0
291dd9ff-830c-404a-932c-b7bf4afbc6a7,979f809c-bc8f-4eec-89ce-de32b4175b32
291dd9ff-830c-404a-932c-b7bf4afbc6a7,d9fd706a-05fe-4cbf-aa17-ef87fba1bb1b
291dd9ff-830c-404a-932c-b7bf4afbc6a7,4b118e6e-16fe-4b89-b29c-17edd6303d62
291dd9ff-830c-404a-932c-b7bf4afbc6a7,100a25a8-1074-4082-bf3e-619e6bf0ed06
291dd9ff-830c-404a-932c-b7bf4afbc6a7,1d19f678-f760-4786-9b01-1fb8917f0220
291dd9ff-830c-404a-932c-b7bf4afbc6a7,b0925a87-018c-48ca-a1dd-fa67f1d7446a
291dd9ff-830c-404a-932c-b7bf4afbc6a7,b6ce3169-694b-4c53-97e3-97364d3c6f4b
291dd9ff-830c-404a-932c-b7bf4afbc6a7,4f37e0ee-e916-47ea-affc-4d01665bb2db
291dd9ff-830c-404a-932c-b7bf4afbc6a7,a72d121a-7487-438d-b961-cbbf19626135
291dd9ff-830c-404a-932c-b7bf4afbc6a7,783a36aa-334d-4e88-88cf-65b04f6a0fc3
291dd9ff-830c-404a-932c-b7bf4afbc6a7,7a199e8b-b8e1-46d2-beb8-99ba92f52dcd
291dd9ff-830c-404a-932c-b7bf4afbc6a7,6d056ecb-5e47-44bb-b9ef-d33e87f98d96
291dd9ff-830c-404a-932c-b7bf4afbc6a7,aa9058c2-3702-4840-909d-4536f8ef27e7
291dd9ff-830c-404a-932c-b7bf4afbc6a7,274fb507-6d75-46b0-87f5-8d873644c52c
694c59a6-b923-41fc-8683-14b185f3054a,aa9058c2-3702-4840-909d-4536f8ef27e7
694c59a6-b923-41fc-8683-14b185f3054a,4f37e0ee-e916-47ea-affc-4d01665bb2db
694c59a6-b923-41fc-8683-14b185f3054a,783a36aa-334d-4e88-88cf-65b04f6a0fc3
694c59a6-b923-41fc-8683-14b185f3054a,5adb709a-3442-4a19-88f1-9ad37b4012bd
694c59a6-b923-41fc-8683-14b185f3054a,100a25a8-1074-4082-bf3e-619e6bf0ed06
694c59a6-b923-41fc-8683-14b185f3054a,80bf27c4-ceeb-45bb-b9d0-3696000167be
694c59a6-b923-41fc-8683-14b185f3054a,1d19f678-f760-4786-9b01-1fb8917f0220
694c59a6-b923-41fc-8683-14b185f3054a,979f809c-bc8f-4eec-89ce-de32b4175b32
694c59a6-b923-41fc-8683-14b185f3054a,a31954ad-5c6c-4a28-9cb0-2c6c3dfe99cd
694c59a6-b923-41fc-8683-14b185f3054a,45e64d53-de11-4614-8e1b-3b16aac95357
694c59a6-b923-41fc-8683-14b185f3054a,de2ff47e-217a-4f7d-be31-1b2a9926eda9
694c59a6-b923-41fc-8683-14b185f3054a,b6ce3169-694b-4c53-97e3-97364d3c6f4b
694c59a6-b923-41fc-8683-14b185f3054a,4b118e6e-16fe-4b89-b29c-17edd6303d62
694c59a6-b923-41fc-8683-14b185f3054a,58bce0b5-fe59-44c4-a5e4-0242444215bf
694c59a6-b923-41fc-8683-14b185f3054a,a72d121a-7487-438d-b961-cbbf19626135
694c59a6-b923-41fc-8683-14b185f3054a,6d056ecb-5e47-44bb-b9ef-d33e87f98d96
694c59a6-b923-41fc-8683-14b185f3054a,8b635074-268f-466c-949e-aaaf0b143834
694c59a6-b923-41fc-8683-14b185f3054a,b0de0f60-82c8-4e43-a209-4528f01d0b4a
694c59a6-b923-41fc-8683-14b185f3054a,7a199e8b-b8e1-46d2-beb8-99ba92f52dcd
694c59a6-b923-41fc-8683-14b185f3054a,b0925a87-018c-48ca-a1dd-fa67f1d7446a
694c59a6-b923-41fc-8683-14b185f3054a,cd548d76-1702-4cf5-a5d1-c2101fac11f2
694c59a6-b923-41fc-8683-14b185f3054a,1323fd17-1e4c-4b33-a1a9-6d1ef29bbb23
694c59a6-b923-41fc-8683-14b185f3054a,60a51ad1-ba52-43e5-9218-54e27ca857e0
694c59a6-b923-41fc-8683-14b185f3054a,d9fd706a-05fe-4cbf-aa17-ef87fba1bb1b
694c59a6-b923-41fc-8683-14b185f3054a,274fb507-6d75-46b0-87f5-8d873644c52c
9fd8cf62-8628-4e31-8c09-bed1b3bda164,a31954ad-5c6c-4a28-9cb0-2c6c3dfe99cd
9fd8cf62-8628-4e31-8c09-bed1b3bda164,8b635074-268f-466c-949e-aaaf0b143834
9fd8cf62-8628-4e31-8c09-bed1b3bda164,a72d121a-7487-438d-b961-cbbf19626135
9fd8cf62-8628-4e31-8c09-bed1b3bda164,100a25a8-1074-4082-bf3e-619e6bf0ed06
9fd8cf62-8628-4e31-8c09-bed1b3bda164,5adb709a-3442-4a19-88f1-9ad37b4012bd
9fd8cf62-8628-4e31-8c09-bed1b3bda164,80bf27c4-ceeb-45bb-b9d0-3696000167be
9fd8cf62-8628-4e31-8c09-bed1b3bda164,783a36aa-334d-4e88-88cf-65b04f6a0fc3
9fd8cf62-8628-4e31-8c09-bed1b3bda164,de2ff47e-217a-4f7d-be31-1b2a9926eda9
9fd8cf62-8628-4e31-8c09-bed1b3bda164,6d056ecb-5e47-44bb-b9ef-d33e87f98d96
9fd8cf62-8628-4e31-8c09-bed1b3bda164,60a51ad1-ba52-43e5-9218-54e27ca857e0
9fd8cf62-8628-4e31-8c09-bed1b3bda164,45e64d53-de11-4614-8e1b-3b16aac95357
9fd8cf62-8628-4e31-8c09-bed1b3bda164,cd548d76-1702-4cf5-a5d1-c2101fac11f2
9fd8cf62-8628-4e31-8c09-bed1b3bda164,4b118e6e-16fe-4b89-b29c-17edd6303d62
9fd8cf62-8628-4e31-8c09-bed1b3bda164,b6ce3169-694b-4c53-97e3-97364d3c6f4b
9fd8cf62-8628-4e31-8c09-bed1b3bda164,1323fd17-1e4c-4b33-a1a9-6d1ef29bbb23
9fd8cf62-8628-4e31-8c09-bed1b3bda164,58bce0b5-fe59-44c4-a5e4-0242444215bf
9fd8cf62-8628-4e31-8c09-bed1b3bda164,979f809c-bc8f-4eec-89ce-de32b4175b32
9fd8cf62-8628-4e31-8c09-bed1b3bda164,1d19f678-f760-4786-9b01-1fb8917f0220
9fd8cf62-8628-4e31-8c09-bed1b3bda164,b0925a87-018c-48ca-a1dd-fa67f1d7446a
9fd8cf62-8628-4e31-8c09-bed1b3bda164,d9fd706a-05fe-4cbf-aa17-ef87fba1bb1b
9fd8cf62-8628-4e31-8c09-bed1b3bda164,274fb507-6d75-46b0-87f5-8d873644c52c
9fd8cf62-8628-4e31-8c09-bed1b3bda164,4f37e0ee-e916-47ea-affc-4d01665bb2db
9fd8cf62-8628-4e31-8c09-bed1b3bda164,7a199e8b-b8e1-46d2-beb8-99ba92f52dcd
9fd8cf62-8628-4e31-8c09-bed1b3bda164,aa9058c2-3702-4840-909d-4536f8ef27e7
9fd8cf62-8628-4e31-8c09-bed1b3bda164,b0de0f60-82c8-4e43-a209-4528f01d0b4a
04c10be8-f8bb-47cf-a282-00bae07dfff6,80bf27c4-ceeb-45bb-b9d0-3696000167be
04c10be8-f8bb-47cf-a282-00bae07dfff6,100a25a8-1074-4082-bf3e-619e6bf0ed06
04c10be8-f8bb-47cf-a282-00bae07dfff6,4b118e6e-16fe-4b89-b29c-17edd6303d62
04c10be8-f8bb-47cf-a282-00bae07dfff6,5adb709a-3442-4a19-88f1-9ad37b4012bd
04c10be8-f8bb-47cf-a282-00bae07dfff6,cd548d76-1702-4cf5-a5d1-c2101fac11f2
04c10be8-f8bb-47cf-a282-00bae07dfff6,aa9058c2-3702-4840-909d-4536f8ef27e7
04c10be8-f8bb-47cf-a282-00bae07dfff6,b0de0f60-82c8-4e43-a209-4528f01d0b4a
04c10be8-f8bb-47cf-a282-00bae07dfff6,783a36aa-334d-4e88-88cf-65b04f6a0fc3
04c10be8-f8bb-47cf-a282-00bae07dfff6,b0925a87-018c-48ca-a1dd-fa67f1d7446a
04c10be8-f8bb-47cf-a282-00bae07dfff6,7a199e8b-b8e1-46d2-beb8-99ba92f52dcd
04c10be8-f8bb-47cf-a282-00bae07dfff6,a31954ad-5c6c-4a28-9cb0-2c6c3dfe99cd
04c10be8-f8bb-47cf-a282-00bae07dfff6,60a51ad1-ba52-43e5-9218-54e27ca857e0
04c10be8-f8bb-47cf-a282-00bae07dfff6,b6ce3169-694b-4c53-97e3-97364d3c6f4b
04c10be8-f8bb-47cf-a282-00bae07dfff6,d9fd706a-05fe-4cbf-aa17-ef87fba1bb1b
04c10be8-f8bb-47cf-a282-00bae07dfff6,1d19f678-f760-4786-9b01-1fb8917f0220
04c10be8-f8bb-47cf-a282-00bae07dfff6,6d056ecb-5e47-44bb-b9ef-d33e87f98d96
04c10be8-f8bb-47cf-a282-00bae07dfff6,45e64d53-de11-4614-8e1b-3b16aac95357
04c10be8-f8bb-47cf-a282-00bae07dfff6,979f809c-bc8f-4eec-89ce-de32b4175b32
04c10be8-f8bb-47cf-a282-00bae07dfff6,58bce0b5-fe59-44c4-a5e4-0242444215bf
04c10be8-f8bb-47cf-a282-00bae07dfff6,de2ff47e-217a-4f7d-be31-1b2a9926eda9
04c10be8-f8bb-47cf-a282-00bae07dfff6,274fb507-6d75-46b0-87f5-8d873644c52c
04c10be8-f8bb-47cf-a282-00bae07dfff6,8b635074-268f-466c-949e-aaaf0b143834
04c10be8-f8bb-47cf-a282-00bae07dfff6,4f37e0ee-e916-47ea-affc-4d01665bb2db
04c10be8-f8bb-47cf-a282-00bae07dfff6,a72d121a-7487-438d-b961-cbbf19626135
04c10be8-f8bb-47cf-a282-00bae07dfff6,1323fd17-1e4c-4b33-a1a9-6d1ef29bbb23
57af11c4-19c6-4fdb-983e-62bce0c1746d,b0925a87-018c-48ca-a1dd-fa67f1d7446a
57af11c4-19c6-4fdb-983e-62bce0c1746d,5adb709a-3442-4a19-88f1-9ad37b4012bd
57af11c4-19c6-4fdb-983e-62bce0c1746d,979f809c-bc8f-4eec-89ce-de32b4175b32
57af11c4-19c6-4fdb-983e-62bce0c1746d,b0de0f60-82c8-4e43-a209-4528f01d0b4a
57af11c4-19c6-4fdb-983e-62bce0c1746d,100a25a8-1074-4082-bf3e-619e6bf0ed06
57af11c4-19c6-4fdb-983e-62bce0c1746d,274fb507-6d75-46b0-87f5-8d873644c52c
57af11c4-19c6-4fdb-983e-62bce0c1746d,58bce0b5-fe59-44c4-a5e4-0242444215bf
57af11c4-19c6-4fdb-983e-62bce0c1746d,b6ce3169-694b-4c53-97e3-97364d3c6f4b
57af11c4-19c6-4fdb-983e-62bce0c1746d,1d19f678-f760-4786-9b01-1fb8917f0220
57af11c4-19c6-4fdb-983e-62bce0c1746d,cd548d76-1702-4cf5-a5d1-c2101fac11f2
57af11c4-19c6-4fdb-983e-62bce0c1746d,1323fd17-1e4c-4b33-a1a9-6d1ef29bbb23
57af11c4-19c6-4fdb-983e-62bce0c1746d,aa9058c2-3702-4840-909d-4536f8ef27e7
57af11c4-19c6-4fdb-983e-62bce0c1746d,8b635074-268f-466c-949e-aaaf0b143834
57af11c4-19c6-4fdb-983e-62bce0c1746d,60a51ad1-ba52-43e5-9218-54e27ca857e0
57af11c4-19c6-4fdb-983e-62bce0c1746d,de2ff47e-217a-4f7d-be31-1b2a9926eda9
57af11c4-19c6-4fdb-983e-62bce0c1746d,a31954ad-5c6c-4a28-9cb0-2c6c3dfe99cd
57af11c4-19c6-4fdb-983e-62bce0c1746d,4b118e6e-16fe-4b89-b29c-17edd6303d62
57af11c4-19c6-4fdb-983e-62bce0c1746d,45e64d53-de11-4614-8e1b-3b16aac95357
57af11c4-19c6-4fdb-983e-62bce0c1746d,d9fd706a-05fe-4cbf-aa17-ef87fba1bb1b
57af11c4-19c6-4fdb-983e-62bce0c1746d,4f37e0ee-e916-47ea-affc-4d01665bb2db
57af11c4-19c6-4fdb-983e-62bce0c1746d,a72d121a-7487-438d-b961-cbbf19626135
57af11c4-19c6-4fdb-983e-62bce0c1746d,783a36aa-334d-4e88-88cf-65b04f6a0fc3
57af11c4-19c6-4fdb-983e-62bce0c1746d,7a199e8b-b8e1-46d2-beb8-99ba92f52dcd
57af11c4-19c6-4fdb-983e-62bce0c1746d,6d056ecb-5e47-44bb-b9ef-d33e87f98d96
57af11c4-19c6-4fdb-983e-62bce0c1746d,80bf27c4-ceeb-45bb-b9d0-3696000167be
d9ef721c-fa47-4806-9bab-4c28d3b1f50f,60a51ad1-ba52-43e5-9218-54e27ca857e0
d9ef721c-fa47-4806-9bab-4c28d3b1f50f,80bf27c4-ceeb-45bb-b9d0-3696000167be
d9ef721c-fa47-4806-9bab-4c28d3b1f50f,274fb507-6d75-46b0-87f5-8d873644c52c
d9ef721c-fa47-4806-9bab-4c28d3b1f50f,979f809c-bc8f-4eec-89ce-de32b4175b32
d9ef721c-fa47-4806-9bab-4c28d3b1f50f,783a36aa-334d-4e88-88cf-65b04f6a0fc3
d9ef721c-fa47-4806-9bab-4c28d3b1f50f,8b635074-268f-466c-949e-aaaf0b143834
d9ef721c-fa47-4806-9bab-4c28d3b1f50f,4b118e6e-16fe-4b89-b29c-17edd6303d62
d9ef721c-fa47-4806-9bab-4c28d3b1f50f,45e64d53-de11-4614-8e1b-3b16aac95357
d9ef721c-fa47-4806-9bab-4c28d3b1f50f,aa9058c2-3702-4840-909d-4536f8ef27e7
d9ef721c-fa47-4806-9bab-4c28d3b1f50f,cd548d76-1702-4cf5-a5d1-c2101fac11f2
d9ef721c-fa47-4806-9bab-4c28d3b1f50f,1323fd17-1e4c-4b33-a1a9-6d1ef29bbb23
d9ef721c-fa47-4806-9bab-4c28d3b1f50f,a72d121a-7487-438d-b961-cbbf19626135
d9ef721c-fa47-4806-9bab-4c28d3b1f50f,a31954ad-5c6c-4a28-9cb0-2c6c3dfe99cd
d9ef721c-fa47-4806-9bab-4c28d3b1f50f,b0925a87-018c-48ca-a1dd-fa67f1d7446a
d9ef721c-fa47-4806-9bab-4c28d3b1f50f,6d056ecb-5e47-44bb-b9ef-d33e87f98d96
d9ef721c-fa47-4806-9bab-4c28d3b1f50f,58bce0b5-fe59-44c4-a5e4-0242444215bf
d9ef721c-fa47-4806-9bab-4c28d3b1f50f,b0de0f60-82c8-4e43-a209-4528f01d0b4a
d9ef721c-fa47-4806-9bab-4c28d3b1f50f,100a25a8-1074-4082-bf3e-619e6bf0ed06
d9ef721c-fa47-4806-9bab-4c28d3b1f50f,1d19f678-f760-4786-9b01-1fb8917f0220
d9ef721c-fa47-4806-9bab-4c28d3b1f50f,b6ce3169-694b-4c53-97e3-97364d3c6f4b
d9ef721c-fa47-4806-9bab-4c28d3b1f50f,de2ff47e-217a-4f7d-be31-1b2a9926eda9
d9ef721c-fa47-4806-9bab-4c28d3b1f50f,d9fd706a-05fe-4cbf-aa17-ef87fba1bb1b
d9ef721c-fa47-4806-9bab-4c28d3b1f50f,4f37e0ee-e916-47ea-affc-4d01665bb2db
d9ef721c-fa47-4806-9bab-4c28d3b1f50f,7a199e8b-b8e1-46d2-beb8-99ba92f52dcd
d9ef721c-fa47-4806-9bab-4c28d3b1f50f,5adb709a-3442-4a19-88f1-9ad37b4012bd
65c76353-4798-4dc3-930b-464c17672787,a31954ad-5c6c-4a28-9cb0-2c6c3dfe99cd
65c76353-4798-4dc3-930b-464c17672787,60a51ad1-ba52-43e5-9218-54e27ca857e0
65c76353-4798-4dc3-930b-464c17672787,b0de0f60-82c8-4e43-a209-4528f01d0b4a
65c76353-4798-4dc3-930b-464c17672787,979f809c-bc8f-4eec-89ce-de32b4175b32
65c76353-4798-4dc3-930b-464c17672787,4f37e0ee-e916-47ea-affc-4d01665bb2db
65c76353-4798-4dc3-930b-464c17672787,8b635074-268f-466c-949e-aaaf0b143834
65c76353-4798-4dc3-930b-464c17672787,100a25a8-1074-4082-bf3e-619e6bf0ed06
65c76353-4798-4dc3-930b-464c17672787,a72d121a-7487-438d-b961-cbbf19626135
65c76353-4798-4dc3-930b-464c17672787,274fb507-6d75-46b0-87f5-8d873644c52c
65c76353-4798-4dc3-930b-464c17672787,80bf27c4-ceeb-45bb-b9d0-3696000167be
65c76353-4798-4dc3-930b-464c17672787,4b118e6e-16fe-4b89-b29c-17edd6303d62
65c76353-4798-4dc3-930b-464c17672787,de2ff47e-217a-4f7d-be31-1b2a9926eda9
65c76353-4798-4dc3-930b-464c17672787,1323fd17-1e4c-4b33-a1a9-6d1ef29bbb23
65c76353-4798-4dc3-930b-464c17672787,d9fd706a-05fe-4cbf-aa17-ef87fba1bb1b
65c76353-4798-4dc3-930b-464c17672787,1d19f678-f760-4786-9b01-1fb8917f0220
65c76353-4798-4dc3-930b-464c17672787,b6ce3169-694b-4c53-97e3-97364d3c6f4b
65c76353-4798-4dc3-930b-464c17672787,cd548d76-1702-4cf5-a5d1-c2101fac11f2
65c76353-4798-4dc3-930b-464c17672787,45e64d53-de11-4614-8e1b-3b16aac95357
65c76353-4798-4dc3-930b-464c17672787,aa9058c2-3702-4840-909d-4536f8ef27e7
65c76353-4798-4dc3-930b-464c17672787,58bce0b5-fe59-44c4-a5e4-0242444215bf
65c76353-4798-4dc3-930b-464c17672787,b0925a87-018c-48ca-a1dd-fa67f1d7446a
65c76353-4798-4dc3-930b-464c17672787,783a36aa-334d-4e88-88cf-65b04f6a0fc3
65c76353-4798-4dc3-930b-464c17672787,7a199e8b-b8e1-46d2-beb8-99ba92f52dcd
65c76353-4798-4dc3-930b-464c17672787,6d056ecb-5e47-44bb-b9ef-d33e87f98d96
65c76353-4798-4dc3-930b-464c17672787,5adb709a-3442-4a19-88f1-9ad37b4012bd
eea8c893-248d-40ad-a747-ed3a7ec298a6,a31954ad-5c6c-4a28-9cb0-2c6c3dfe99cd
eea8c893-248d-40ad-a747-ed3a7ec298a6,b0de0f60-82c8-4e43-a209-4528f01d0b4a
eea8c893-248d-40ad-a747-ed3a7ec298a6,8b635074-268f-466c-949e-aaaf0b143834
eea8c893-248d-40ad-a747-ed3a7ec298a6,274fb507-6d75-46b0-87f5-8d873644c52c
eea8c893-248d-40ad-a747-ed3a7ec298a6,1323fd17-1e4c-4b33-a1a9-6d1ef29bbb23
eea8c893-248d-40ad-a747-ed3a7ec298a6,100a25a8-1074-4082-bf3e-619e6bf0ed06
eea8c893-248d-40ad-a747-ed3a7ec298a6,80bf27c4-ceeb-45bb-b9d0-3696000167be
eea8c893-248d-40ad-a747-ed3a7ec298a6,b6ce3169-694b-4c53-97e3-97364d3c6f4b
eea8c893-248d-40ad-a747-ed3a7ec298a6,5adb709a-3442-4a19-88f1-9ad37b4012bd
eea8c893-248d-40ad-a747-ed3a7ec298a6,4f37e0ee-e916-47ea-affc-4d01665bb2db
eea8c893-248d-40ad-a747-ed3a7ec298a6,7a199e8b-b8e1-46d2-beb8-99ba92f52dcd
eea8c893-248d-40ad-a747-ed3a7ec298a6,6d056ecb-5e47-44bb-b9ef-d33e87f98d96
eea8c893-248d-40ad-a747-ed3a7ec298a6,d9fd706a-05fe-4cbf-aa17-ef87fba1bb1b
eea8c893-248d-40ad-a747-ed3a7ec298a6,de2ff47e-217a-4f7d-be31-1b2a9926eda9
eea8c893-248d-40ad-a747-ed3a7ec298a6,783a36aa-334d-4e88-88cf-65b04f6a0fc3
eea8c893-248d-40ad-a747-ed3a7ec298a6,4b118e6e-16fe-4b89-b29c-17edd6303d62
eea8c893-248d-40ad-a747-ed3a7ec298a6,60a51ad1-ba52-43e5-9218-54e27ca857e0
eea8c893-248d-40ad-a747-ed3a7ec298a6,45e64d53-de11-4614-8e1b-3b16aac95357
eea8c893-248d-40ad-a747-ed3a7ec298a6,58bce0b5-fe59-44c4-a5e4-0242444215bf
eea8c893-248d-40ad-a747-ed3a7ec298a6,cd548d76-1702-4cf5-a5d1-c2101fac11f2
eea8c893-248d-40ad-a747-ed3a7ec298a6,1d19f678-f760-4786-9b01-1fb8917f0220
eea8c893-248d-40ad-a747-ed3a7ec298a6,979f809c-bc8f-4eec-89ce-de32b4175b32
eea8c893-248d-40ad-a747-ed3a7ec298a6,a72d121a-7487-438d-b961-cbbf19626135
eea8c893-248d-40ad-a747-ed3a7ec298a6,aa9058c2-3702-4840-909d-4536f8ef27e7
eea8c893-248d-40ad-a747-ed3a7ec298a6,b0925a87-018c-48ca-a1dd-fa67f1d7446a
f2c95f80-da71-4926-a8b7-3149b4164e45,a31954ad-5c6c-4a28-9cb0-2c6c3dfe99cd
f2c95f80-da71-4926-a8b7-3149b4164e45,b0925a87-018c-48ca-a1dd-fa67f1d7446a
f2c95f80-da71-4926-a8b7-3149b4164e45,de2ff47e-217a-4f7d-be31-1b2a9926eda9
f2c95f80-da71-4926-a8b7-3149b4164e45,5adb709a-3442-4a19-88f1-9ad37b4012bd
f2c95f80-da71-4926-a8b7-3149b4164e45,4b118e6e-16fe-4b89-b29c-17edd6303d62
f2c95f80-da71-4926-a8b7-3149b4164e45,b6ce3169-694b-4c53-97e3-97364d3c6f4b
f2c95f80-da71-4926-a8b7-3149b4164e45,8b635074-268f-466c-949e-aaaf0b143834
f2c95f80-da71-4926-a8b7-3149b4164e45,4f37e0ee-e916-47ea-affc-4d01665bb2db
f2c95f80-da71-4926-a8b7-3149b4164e45,979f809c-bc8f-4eec-89ce-de32b4175b32
f2c95f80-da71-4926-a8b7-3149b4164e45,100a25a8-1074-4082-bf3e-619e6bf0ed06
f2c95f80-da71-4926-a8b7-3149b4164e45,6d056ecb-5e47-44bb-b9ef-d33e87f98d96
f2c95f80-da71-4926-a8b7-3149b4164e45,274fb507-6d75-46b0-87f5-8d873644c52c
f2c95f80-da71-4926-a8b7-3149b4164e45,783a36aa-334d-4e88-88cf-65b04f6a0fc3
f2c95f80-da71-4926-a8b7-3149b4164e45,1d19f678-f760-4786-9b01-1fb8917f0220
f2c95f80-da71-4926-a8b7-3149b4164e45,cd548d76-1702-4cf5-a5d1-c2101fac11f2
f2c95f80-da71-4926-a8b7-3149b4164e45,7a199e8b-b8e1-46d2-beb8-99ba92f52dcd
f2c95f80-da71-4926-a8b7-3149b4164e45,45e64d53-de11-4614-8e1b-3b16aac95357
f2c95f80-da71-4926-a8b7-3149b4164e45,1323fd17-1e4c-4b33-a1a9-6d1ef29bbb23
f2c95f80-da71-4926-a8b7-3149b4164e45,aa9058c2-3702-4840-909d-4536f8ef27e7
f2c95f80-da71-4926-a8b7-3149b4164e45,d9fd706a-05fe-4cbf-aa17-ef87fba1bb1b
f2c95f80-da71-4926-a8b7-3149b4164e45,58bce0b5-fe59-44c4-a5e4-0242444215bf
f2c95f80-da71-4926-a8b7-3149b4164e45,60a51ad1-ba52-43e5-9218-54e27ca857e0
f2c95f80-da71-4926-a8b7-3149b4164e45,a72d121a-7487-438d-b961-cbbf19626135
f2c95f80-da71-4926-a8b7-3149b4164e45,80bf27c4-ceeb-45bb-b9d0-3696000167be
f2c95f80-da71-4926-a8b7-3149b4164e45,b0de0f60-82c8-4e43-a209-4528f01d0b4a
8637f25c-464b-47f1-bbd1-045667331c62,4f37e0ee-e916-47ea-affc-4d01665bb2db
8637f25c-464b-47f1-bbd1-045667331c62,a72d121a-7487-438d-b961-cbbf19626135
8637f25c-464b-47f1-bbd1-045667331c62,b0925a87-018c-48ca-a1dd-fa67f1d7446a
8637f25c-464b-47f1-bbd1-045667331c62,80bf27c4-ceeb-45bb-b9d0-3696000167be
8637f25c-464b-47f1-bbd1-045667331c62,5adb709a-3442-4a19-88f1-9ad37b4012bd
8637f25c-464b-47f1-bbd1-045667331c62,aa9058c2-3702-4840-909d-4536f8ef27e7
8637f25c-464b-47f1-bbd1-045667331c62,4b118e6e-16fe-4b89-b29c-17edd6303d62
8637f25c-464b-47f1-bbd1-045667331c62,100a25a8-1074-4082-bf3e-619e6bf0ed06
8637f25c-464b-47f1-bbd1-045667331c62,783a36aa-334d-4e88-88cf-65b04f6a0fc3
8637f25c-464b-47f1-bbd1-045667331c62,6d056ecb-5e47-44bb-b9ef-d33e87f98d96
8637f25c-464b-47f1-bbd1-045667331c62,8b635074-268f-466c-949e-aaaf0b143834
8637f25c-464b-47f1-bbd1-045667331c62,979f809c-bc8f-4eec-89ce-de32b4175b32
8637f25c-464b-47f1-bbd1-045667331c62,d9fd706a-05fe-4cbf-aa17-ef87fba1bb1b
8637f25c-464b-47f1-bbd1-045667331c62,7a199e8b-b8e1-46d2-beb8-99ba92f52dcd
8637f25c-464b-47f1-bbd1-045667331c62,b6ce3169-694b-4c53-97e3-97364d3c6f4b
8637f25c-464b-47f1-bbd1-045667331c62,1323fd17-1e4c-4b33-a1a9-6d1ef29bbb23
8637f25c-464b-47f1-bbd1-045667331c62,cd548d76-1702-4cf5-a5d1-c2101fac11f2
8637f25c-464b-47f1-bbd1-045667331c62,274fb507-6d75-46b0-87f5-8d873644c52c
8637f25c-464b-47f1-bbd1-045667331c62,a31954ad-5c6c-4a28-9cb0-2c6c3dfe99cd
8637f25c-464b-47f1-bbd1-045667331c62,60a51ad1-ba52-43e5-9218-54e27ca857e0
8637f25c-464b-47f1-bbd1-045667331c62,de2ff47e-217a-4f7d-be31-1b2a9926eda9
8637f25c-464b-47f1-bbd1-045667331c62,1d19f678-f760-4786-9b01-1fb8917f0220
8637f25c-464b-47f1-bbd1-045667331c62,45e64d53-de11-4614-8e1b-3b16aac95357
8637f25c-464b-47f1-bbd1-045667331c62,58bce0b5-fe59-44c4-a5e4-0242444215bf
8637f25c-464b-47f1-bbd1-045667331c62,b0de0f60-82c8-4e43-a209-4528f01d0b4a
4cc5991b-ce3b-4cf7-bd9e-347abdeebd19,b0925a87-018c-48ca-a1dd-fa67f1d7446a
4cc5991b-ce3b-4cf7-bd9e-347abdeebd19,b0de0f60-82c8-4e43-a209-4528f01d0b4a
4cc5991b-ce3b-4cf7-bd9e-347abdeebd19,4f37e0ee-e916-47ea-affc-4d01665bb2db
4cc5991b-ce3b-4cf7-bd9e-347abdeebd19,aa9058c2-3702-4840-909d-4536f8ef27e7
4cc5991b-ce3b-4cf7-bd9e-347abdeebd19,783a36aa-334d-4e88-88cf-65b04f6a0fc3
4cc5991b-ce3b-4cf7-bd9e-347abdeebd19,979f809c-bc8f-4eec-89ce-de32b4175b32
4cc5991b-ce3b-4cf7-bd9e-347abdeebd19,80bf27c4-ceeb-45bb-b9d0-3696000167be
4cc5991b-ce3b-4cf7-bd9e-347abdeebd19,100a25a8-1074-4082-bf3e-619e6bf0ed06
4cc5991b-ce3b-4cf7-bd9e-347abdeebd19,b6ce3169-694b-4c53-97e3-97364d3c6f4b
4cc5991b-ce3b-4cf7-bd9e-347abdeebd19,8b635074-268f-466c-949e-aaaf0b143834
4cc5991b-ce3b-4cf7-bd9e-347abdeebd19,de2ff47e-217a-4f7d-be31-1b2a9926eda9
4cc5991b-ce3b-4cf7-bd9e-347abdeebd19,7a199e8b-b8e1-46d2-beb8-99ba92f52dcd
4cc5991b-ce3b-4cf7-bd9e-347abdeebd19,d9fd706a-05fe-4cbf-aa17-ef87fba1bb1b
4cc5991b-ce3b-4cf7-bd9e-347abdeebd19,6d056ecb-5e47-44bb-b9ef-d33e87f98d96
4cc5991b-ce3b-4cf7-bd9e-347abdeebd19,1d19f678-f760-4786-9b01-1fb8917f0220
4cc5991b-ce3b-4cf7-bd9e-347abdeebd19,cd548d76-1702-4cf5-a5d1-c2101fac11f2
4cc5991b-ce3b-4cf7-bd9e-347abdeebd19,4b118e6e-16fe-4b89-b29c-17edd6303d62
4cc5991b-ce3b-4cf7-bd9e-347abdeebd19,1323fd17-1e4c-4b33-a1a9-6d1ef29bbb23
4cc5991b-ce3b-4cf7-bd9e-347abdeebd19,58bce0b5-fe59-44c4-a5e4-0242444215bf
4cc5991b-ce3b-4cf7-bd9e-347abdeebd19,a31954ad-5c6c-4a28-9cb0-2c6c3dfe99cd
4cc5991b-ce3b-4cf7-bd9e-347abdeebd19,274fb507-6d75-46b0-87f5-8d873644c52c
4cc5991b-ce3b-4cf7-bd9e-347abdeebd19,60a51ad1-ba52-43e5-9218-54e27ca857e0
4cc5991b-ce3b-4cf7-bd9e-347abdeebd19,45e64d53-de11-4614-8e1b-3b16aac95357
4cc5991b-ce3b-4cf7-bd9e-347abdeebd19,a72d121a-7487-438d-b961-cbbf19626135
4cc5991b-ce3b-4cf7-bd9e-347abdeebd19,5adb709a-3442-4a19-88f1-9ad37b4012bd
d748c8ec-9b08-4724-9915-3adba92e0974,a31954ad-5c6c-4a28-9cb0-2c6c3dfe99cd
d748c8ec-9b08-4724-9915-3adba92e0974,a72d121a-7487-438d-b961-cbbf19626135
d748c8ec-9b08-4724-9915-3adba92e0974,b0925a87-018c-48ca-a1dd-fa67f1d7446a
d748c8ec-9b08-4724-9915-3adba92e0974,4f37e0ee-e916-47ea-affc-4d01665bb2db
d748c8ec-9b08-4724-9915-3adba92e0974,80bf27c4-ceeb-45bb-b9d0-3696000167be
d748c8ec-9b08-4724-9915-3adba92e0974,274fb507-6d75-46b0-87f5-8d873644c52c
d748c8ec-9b08-4724-9915-3adba92e0974,100a25a8-1074-4082-bf3e-619e6bf0ed06
d748c8ec-9b08-4724-9915-3adba92e0974,5adb709a-3442-4a19-88f1-9ad37b4012bd
d748c8ec-9b08-4724-9915-3adba92e0974,de2ff47e-217a-4f7d-be31-1b2a9926eda9
d748c8ec-9b08-4724-9915-3adba92e0974,1d19f678-f760-4786-9b01-1fb8917f0220
d748c8ec-9b08-4724-9915-3adba92e0974,979f809c-bc8f-4eec-89ce-de32b4175b32
d748c8ec-9b08-4724-9915-3adba92e0974,b6ce3169-694b-4c53-97e3-97364d3c6f4b
d748c8ec-9b08-4724-9915-3adba92e0974,8b635074-268f-466c-949e-aaaf0b143834
d748c8ec-9b08-4724-9915-3adba92e0974,4b118e6e-16fe-4b89-b29c-17edd6303d62
d748c8ec-9b08-4724-9915-3adba92e0974,aa9058c2-3702-4840-909d-4536f8ef27e7
d748c8ec-9b08-4724-9915-3adba92e0974,58bce0b5-fe59-44c4-a5e4-0242444215bf
d748c8ec-9b08-4724-9915-3adba92e0974,cd548d76-1702-4cf5-a5d1-c2101fac11f2
d748c8ec-9b08-4724-9915-3adba92e0974,7a199e8b-b8e1-46d2-beb8-99ba92f52dcd
d748c8ec-9b08-4724-9915-3adba92e0974,60a51ad1-ba52-43e5-9218-54e27ca857e0
d748c8ec-9b08-4724-9915-3adba92e0974,1323fd17-1e4c-4b33-a1a9-6d1ef29bbb23
d748c8ec-9b08-4724-9915-3adba92e0974,45e64d53-de11-4614-8e1b-3b16aac95357
d748c8ec-9b08-4724-9915-3adba92e0974,d9fd706a-05fe-4cbf-aa17-ef87fba1bb1b
d748c8ec-9b08-4724-9915-3adba92e0974,783a36aa-334d-4e88-88cf-65b04f6a0fc3
d748c8ec-9b08-4724-9915-3adba92e0974,6d056ecb-5e47-44bb-b9ef-d33e87f98d96
d748c8ec-9b08-4724-9915-3adba92e0974,b0de0f60-82c8-4e43-a209-4528f01d0b4a
f04d0b38-0e7f-453e-9639-60c5a5424527,a72d121a-7487-438d-b961-cbbf19626135
f04d0b38-0e7f-453e-9639-60c5a5424527,979f809c-bc8f-4eec-89ce-de32b4175b32
f04d0b38-0e7f-453e-9639-60c5a5424527,b0925a87-018c-48ca-a1dd-fa67f1d7446a
f04d0b38-0e7f-453e-9639-60c5a5424527,4b118e6e-16fe-4b89-b29c-17edd6303d62
f04d0b38-0e7f-453e-9639-60c5a5424527,4f37e0ee-e916-47ea-affc-4d01665bb2db
f04d0b38-0e7f-453e-9639-60c5a5424527,5adb709a-3442-4a19-88f1-9ad37b4012bd
f04d0b38-0e7f-453e-9639-60c5a5424527,6d056ecb-5e47-44bb-b9ef-d33e87f98d96
f04d0b38-0e7f-453e-9639-60c5a5424527,100a25a8-1074-4082-bf3e-619e6bf0ed06
f04d0b38-0e7f-453e-9639-60c5a5424527,783a36aa-334d-4e88-88cf-65b04f6a0fc3
f04d0b38-0e7f-453e-9639-60c5a5424527,d9fd706a-05fe-4cbf-aa17-ef87fba1bb1b
f04d0b38-0e7f-453e-9639-60c5a5424527,7a199e8b-b8e1-46d2-beb8-99ba92f52dcd
f04d0b38-0e7f-453e-9639-60c5a5424527,274fb507-6d75-46b0-87f5-8d873644c52c
f04d0b38-0e7f-453e-9639-60c5a5424527,60a51ad1-ba52-43e5-9218-54e27ca857e0
f04d0b38-0e7f-453e-9639-60c5a5424527,1d19f678-f760-4786-9b01-1fb8917f0220
f04d0b38-0e7f-453e-9639-60c5a5424527,b6ce3169-694b-4c53-97e3-97364d3c6f4b
f04d0b38-0e7f-453e-9639-60c5a5424527,1323fd17-1e4c-4b33-a1a9-6d1ef29bbb23
f04d0b38-0e7f-453e-9639-60c5a5424527,cd548d76-1702-4cf5-a5d1-c2101fac11f2
f04d0b38-0e7f-453e-9639-60c5a5424527,aa9058c2-3702-4840-909d-4536f8ef27e7
f04d0b38-0e7f-453e-9639-60c5a5424527,8b635074-268f-466c-949e-aaaf0b143834
f04d0b38-0e7f-453e-9639-60c5a5424527,80bf27c4-ceeb-45bb-b9d0-3696000167be
f04d0b38-0e7f-453e-9639-60c5a5424527,a31954ad-5c6c-4a28-9cb0-2c6c3dfe99cd
f04d0b38-0e7f-453e-9639-60c5a5424527,de2ff47e-217a-4f7d-be31-1b2a9926eda9
f04d0b38-0e7f-453e-9639-60c5a5424527,45e64d53-de11-4614-8e1b-3b16aac95357
f04d0b38-0e7f-453e-9639-60c5a5424527,58bce0b5-fe59-44c4-a5e4-0242444215bf
f04d0b38-0e7f-453e-9639-60c5a5424527,b0de0f60-82c8-4e43-a209-4528f01d0b4a
11a15f12-e862-4bb5-9169-b64a1401331b,274fb507-6d75-46b0-87f5-8d873644c52c
11a15f12-e862-4bb5-9169-b64a1401331b,1323fd17-1e4c-4b33-a1a9-6d1ef29bbb23
11a15f12-e862-4bb5-9169-b64a1401331b,100a25a8-1074-4082-bf3e-619e6bf0ed06
11a15f12-e862-4bb5-9169-b64a1401331b,58bce0b5-fe59-44c4-a5e4-0242444215bf
11a15f12-e862-4bb5-9169-b64a1401331b,60a51ad1-ba52-43e5-9218-54e27ca857e0
11a15f12-e862-4bb5-9169-b64a1401331b,979f809c-bc8f-4eec-89ce-de32b4175b32
11a15f12-e862-4bb5-9169-b64a1401331b,7a199e8b-b8e1-46d2-beb8-99ba92f52dcd
11a15f12-e862-4bb5-9169-b64a1401331b,8b635074-268f-466c-949e-aaaf0b143834
11a15f12-e862-4bb5-9169-b64a1401331b,4f37e0ee-e916-47ea-affc-4d01665bb2db
11a15f12-e862-4bb5-9169-b64a1401331b,783a36aa-334d-4e88-88cf-65b04f6a0fc3
11a15f12-e862-4bb5-9169-b64a1401331b,b6ce3169-694b-4c53-97e3-97364d3c6f4b
11a15f12-e862-4bb5-9169-b64a1401331b,a31954ad-5c6c-4a28-9cb0-2c6c3dfe99cd
11a15f12-e862-4bb5-9169-b64a1401331b,d9fd706a-05fe-4cbf-aa17-ef87fba1bb1b
11a15f12-e862-4bb5-9169-b64a1401331b,de2ff47e-217a-4f7d-be31-1b2a9926eda9
11a15f12-e862-4bb5-9169-b64a1401331b,b0925a87-018c-48ca-a1dd-fa67f1d7446a
11a15f12-e862-4bb5-9169-b64a1401331b,1d19f678-f760-4786-9b01-1fb8917f0220
11a15f12-e862-4bb5-9169-b64a1401331b,80bf27c4-ceeb-45bb-b9d0-3696000167be
11a15f12-e862-4bb5-9169-b64a1401331b,6d056ecb-5e47-44bb-b9ef-d33e87f98d96
11a15f12-e862-4bb5-9169-b64a1401331b,a72d121a-7487-438d-b961-cbbf19626135
11a15f12-e862-4bb5-9169-b64a1401331b,45e64d53-de11-4614-8e1b-3b16aac95357
11a15f12-e862-4bb5-9169-b64a1401331b,b0de0f60-82c8-4e43-a209-4528f01d0b4a
11a15f12-e862-4bb5-9169-b64a1401331b,cd548d76-1702-4cf5-a5d1-c2101fac11f2
11a15f12-e862-4bb5-9169-b64a1401331b,4b118e6e-16fe-4b89-b29c-17edd6303d62
11a15f12-e862-4bb5-9169-b64a1401331b,aa9058c2-3702-4840-909d-4536f8ef27e7
11a15f12-e862-4bb5-9169-b64a1401331b,5adb709a-3442-4a19-88f1-9ad37b4012bd
6f28061d-732b-4a6a-8acb-fca7f665b58e,b0925a87-018c-48ca-a1dd-fa67f1d7446a
6f28061d-732b-4a6a-8acb-fca7f665b58e,b0de0f60-82c8-4e43-a209-4528f01d0b4a
6f28061d-732b-4a6a-8acb-fca7f665b58e,979f809c-bc8f-4eec-89ce-de32b4175b32
6f28061d-732b-4a6a-8acb-fca7f665b58e,60a51ad1-ba52-43e5-9218-54e27ca857e0
6f28061d-732b-4a6a-8acb-fca7f665b58e,58bce0b5-fe59-44c4-a5e4-0242444215bf
6f28061d-732b-4a6a-8acb-fca7f665b58e,8b635074-268f-466c-949e-aaaf0b143834
6f28061d-732b-4a6a-8acb-fca7f665b58e,100a25a8-1074-4082-bf3e-619e6bf0ed06
6f28061d-732b-4a6a-8acb-fca7f665b58e,4f37e0ee-e916-47ea-affc-4d01665bb2db
6f28061d-732b-4a6a-8acb-fca7f665b58e,783a36aa-334d-4e88-88cf-65b04f6a0fc3
6f28061d-732b-4a6a-8acb-fca7f665b58e,d9fd706a-05fe-4cbf-aa17-ef87fba1bb1b
6f28061d-732b-4a6a-8acb-fca7f665b58e,80bf27c4-ceeb-45bb-b9d0-3696000167be
6f28061d-732b-4a6a-8acb-fca7f665b58e,cd548d76-1702-4cf5-a5d1-c2101fac11f2
6f28061d-732b-4a6a-8acb-fca7f665b58e,6d056ecb-5e47-44bb-b9ef-d33e87f98d96
6f28061d-732b-4a6a-8acb-fca7f665b58e,274fb507-6d75-46b0-87f5-8d873644c52c
6f28061d-732b-4a6a-8acb-fca7f665b58e,1323fd17-1e4c-4b33-a1a9-6d1ef29bbb23
6f28061d-732b-4a6a-8acb-fca7f665b58e,de2ff47e-217a-4f7d-be31-1b2a9926eda9
6f28061d-732b-4a6a-8acb-fca7f665b58e,aa9058c2-3702-4840-909d-4536f8ef27e7
6f28061d-732b-4a6a-8acb-fca7f665b58e,1d19f678-f760-4786-9b01-1fb8917f0220
6f28061d-732b-4a6a-8acb-fca7f665b58e,45e64d53-de11-4614-8e1b-3b16aac95357
6f28061d-732b-4a6a-8acb-fca7f665b58e,a31954ad-5c6c-4a28-9cb0-2c6c3dfe99cd
6f28061d-732b-4a6a-8acb-fca7f665b58e,b6ce3169-694b-4c53-97e3-97364d3c6f4b
6f28061d-732b-4a6a-8acb-fca7f665b58e,4b118e6e-16fe-4b89-b29c-17edd6303d62
6f28061d-732b-4a6a-8acb-fca7f665b58e,a72d121a-7487-438d-b961-cbbf19626135
6f28061d-732b-4a6a-8acb-fca7f665b58e,7a199e8b-b8e1-46d2-beb8-99ba92f52dcd
6f28061d-732b-4a6a-8acb-fca7f665b58e,5adb709a-3442-4a19-88f1-9ad37b4012bd
d29d17f3-f574-4378-a099-3473cea55d61,8b635074-268f-466c-949e-aaaf0b143834
d29d17f3-f574-4378-a099-3473cea55d61,80bf27c4-ceeb-45bb-b9d0-3696000167be
d29d17f3-f574-4378-a099-3473cea55d61,a31954ad-5c6c-4a28-9cb0-2c6c3dfe99cd
d29d17f3-f574-4378-a099-3473cea55d61,a72d121a-7487-438d-b961-cbbf19626135
d29d17f3-f574-4378-a099-3473cea55d61,4f37e0ee-e916-47ea-affc-4d01665bb2db
d29d17f3-f574-4378-a099-3473cea55d61,7a199e8b-b8e1-46d2-beb8-99ba92f52dcd
d29d17f3-f574-4378-a099-3473cea55d61,b0925a87-018c-48ca-a1dd-fa67f1d7446a
d29d17f3-f574-4378-a099-3473cea55d61,100a25a8-1074-4082-bf3e-619e6bf0ed06
d29d17f3-f574-4378-a099-3473cea55d61,d9fd706a-05fe-4cbf-aa17-ef87fba1bb1b
d29d17f3-f574-4378-a099-3473cea55d61,6d056ecb-5e47-44bb-b9ef-d33e87f98d96
d29d17f3-f574-4378-a099-3473cea55d61,783a36aa-334d-4e88-88cf-65b04f6a0fc3
d29d17f3-f574-4378-a099-3473cea55d61,274fb507-6d75-46b0-87f5-8d873644c52c
d29d17f3-f574-4378-a099-3473cea55d61,45e64d53-de11-4614-8e1b-3b16aac95357
d29d17f3-f574-4378-a099-3473cea55d61,b6ce3169-694b-4c53-97e3-97364d3c6f4b
d29d17f3-f574-4378-a099-3473cea55d61,cd548d76-1702-4cf5-a5d1-c2101fac11f2
d29d17f3-f574-4378-a099-3473cea55d61,58bce0b5-fe59-44c4-a5e4-0242444215bf
d29d17f3-f574-4378-a099-3473cea55d61,4b118e6e-16fe-4b89-b29c-17edd6303d62
d29d17f3-f574-4378-a099-3473cea55d61,1323fd17-1e4c-4b33-a1a9-6d1ef29bbb23
d29d17f3-f574-4378-a099-3473cea55d61,aa9058c2-3702-4840-909d-4536f8ef27e7
d29d17f3-f574-4378-a099-3473cea55d61,1d19f678-f760-4786-9b01-1fb8917f0220
d29d17f3-f574-4378-a099-3473cea55d61,979f809c-bc8f-4eec-89ce-de32b4175b32
d29d17f3-f574-4378-a099-3473cea55d61,de2ff47e-217a-4f7d-be31-1b2a9926eda9
d29d17f3-f574-4378-a099-3473cea55d61,60a51ad1-ba52-43e5-9218-54e27ca857e0
d29d17f3-f574-4378-a099-3473cea55d61,5adb709a-3442-4a19-88f1-9ad37b4012bd
d29d17f3-f574-4378-a099-3473cea55d61,b0de0f60-82c8-4e43-a209-4528f01d0b4a
