id,name,slug,description,short_description,price,compare_at_price,cost_price,category_id,images,is_featured,is_active,inventory_quantity,sku,weight,tags,search_keywords,created_at,updated_at
100a25a8-1074-4082-bf3e-619e6bf0ed06,Oxford Button-Down Shirt,oxford-button-down-shirt,"Men’s oxford shirt on mannequin, white seamless background, front view, natural collar roll, crisp lighting",Classic cotton oxford shirt,89.00,,0.00,5e0965c4-4360-4ae8-be77-3a4c07773a3f,"[""https://ewebogkmqavqoxloyefq.supabase.co/storage/v1/object/public/product-images/products/oxford-button-down-shirt/oxford-button-down-shirt.png"",""https://ewebogkmqavqoxloyefq.supabase.co/storage/v1/object/public/product-images/products/oxford-button-down-shirt/oxford-button-down-shirt_onfigure.png""]",false,true,38,M-SRT-OX-009,,"[""classic"",""office"",""casual"",""breathable""]","[""Oxford Button-Down Shirt"",""classic"",""office"",""casual"",""breathable""]",2025-10-11 11:54:01.090122+00,2025-10-11 11:54:01.090122+00
1323fd17-1e4c-4b33-a1a9-6d1ef29bbb23,High-Rise Straight Jeans,high-rise-straight-jeans,"Flat lay or on-figure jeans, clean white background, overhead softbox, crisp stitching details, true-to-color denim",Classic straight-leg high-rise denim,129.00,159.00,0.00,6b1dfa1b-fab5-430f-be0c-1371ab8ec144,"[""https://ewebogkmqavqoxloyefq.supabase.co/storage/v1/object/public/product-images/products/high-rise-straight-jeans/high-rise-straight-jeans.png"",""https://ewebogkmqavqoxloyefq.supabase.co/storage/v1/object/public/product-images/products/high-rise-straight-jeans/high-rise-straight-jeans_onfigure.png""]",false,true,35,W-DNM-HR-003,,"[""denim"",""casual"",""everyday"",""classic""]","[""High-Rise Straight Jeans"",""denim"",""casual"",""everyday"",""classic""]",2025-10-11 11:53:52.302694+00,2025-10-11 11:53:52.302694+00
1d19f678-f760-4786-9b01-1fb8917f0220,Polarized Sunglasses,polarized-sunglasses,"Sunglasses on acrylic riser over white seamless, soft shadow, lens reflections controlled",UV400 polarized acetate frames,149.00,,0.00,ebbb5784-413a-4116-9602-932c72ae68e7,"[""https://ewebogkmqavqoxloyefq.supabase.co/storage/v1/object/public/product-images/products/polarized-sunglasses/polarized-sunglasses.png"",""https://ewebogkmqavqoxloyefq.supabase.co/storage/v1/object/public/product-images/products/polarized-sunglasses/polarized-sunglasses_variant.png""]",true,true,19,A-SUN-PL-022,,"[""sunglasses"",""polarized"",""summer"",""travel""]","[""Polarized Sunglasses"",""sunglasses"",""polarized"",""summer"",""travel""]",2025-10-11 11:54:17.706364+00,2025-10-11 11:54:17.706364+00
274fb507-6d75-46b0-87f5-8d873644c52c,Linen Summer Blazer,linen-summer-blazer,"Women’s linen blazer on mannequin, bright studio lighting, white seamless, subtle texture visible, 3/4 view",Lightweight breathable linen blazer,249.00,,0.00,6b1dfa1b-fab5-430f-be0c-1371ab8ec144,"[""https://ewebogkmqavqoxloyefq.supabase.co/storage/v1/object/public/product-images/products/linen-summer-blazer/linen-summer-blazer.png"",""https://ewebogkmqavqoxloyefq.supabase.co/storage/v1/object/public/product-images/products/linen-summer-blazer/linen-summer-blazer_onfigure.png""]",true,true,18,W-BLZ-LN-004,,"[""linen"",""summer"",""breathable"",""workwear"",""casual""]","[""Linen Summer Blazer"",""linen"",""summer"",""breathable"",""workwear"",""casual""]",2025-10-11 11:53:53.841155+00,2025-10-11 11:53:53.841155+00
45e64d53-de11-4614-8e1b-3b16aac95357,Pleated Midi Skirt,pleated-midi-skirt,"Women’s pleated skirt on mannequin, studio lighting, white seamless, movement-friendly pose, 3/4 angle",Flowy pleated mid-length skirt,159.00,,0.00,6b1dfa1b-fab5-430f-be0c-1371ab8ec144,"[""https://ewebogkmqavqoxloyefq.supabase.co/storage/v1/object/public/product-images/products/pleated-midi-skirt/pleated-midi-skirt.png"",""https://ewebogkmqavqoxloyefq.supabase.co/storage/v1/object/public/product-images/products/pleated-midi-skirt/pleated-midi-skirt_onfigure.png""]",false,true,26,W-SKT-PL-006,,"[""pleated"",""midi"",""elegant"",""formal"",""office""]","[""Pleated Midi Skirt"",""pleated"",""midi"",""elegant"",""formal"",""office""]",2025-10-11 11:53:56.734471+00,2025-10-11 11:53:56.734471+00
4b118e6e-16fe-4b89-b29c-17edd6303d62,Pima Cotton T-Shirt 2-Pack,pima-cotton-tshirt-2-pack,"Flat lay men’s tees 2-pack, white seamless, top-down soft light, true colors",2-pack ultra-soft tees,45.00,,0.00,5e0965c4-4360-4ae8-be77-3a4c07773a3f,"[""https://ewebogkmqavqoxloyefq.supabase.co/storage/v1/object/public/product-images/products/pima-cotton-tshirt-2-pack/pima-cotton-tshirt-2-pack.png"",""https://ewebogkmqavqoxloyefq.supabase.co/storage/v1/object/public/product-images/products/pima-cotton-tshirt-2-pack/pima-cotton-tshirt-2-pack_onfigure.png""]",false,true,55,M-TEE-PM-014,,"[""pima"",""casual"",""essentials"",""everyday""]","[""Pima Cotton T-Shirt 2-Pack"",""pima"",""casual"",""essentials"",""everyday""]",2025-10-11 11:54:09.382915+00,2025-10-11 11:54:09.382915+00
4f37e0ee-e916-47ea-affc-4d01665bb2db,Tailored Navy Blazer,tailored-navy-blazer,"Men’s navy blazer on mannequin, white seamless, 3/4 angle, lapels crisp, studio light",Structured wool-blend blazer,349.00,,0.00,5e0965c4-4360-4ae8-be77-3a4c07773a3f,"[""https://ewebogkmqavqoxloyefq.supabase.co/storage/v1/object/public/product-images/products/tailored-navy-blazer/tailored-navy-blazer.png"",""https://ewebogkmqavqoxloyefq.supabase.co/storage/v1/object/public/product-images/products/tailored-navy-blazer/tailored-navy-blazer_onfigure.png""]",true,true,12,M-BLZ-NV-016,,"[""workwear"",""classic"",""formal"",""office""]","[""Tailored Navy Blazer"",""workwear"",""classic"",""formal"",""office""]",2025-10-11 11:54:11.970129+00,2025-10-11 11:54:11.970129+00
58bce0b5-fe59-44c4-a5e4-0242444215bf,Organic Cotton Tee Pack,organic-cotton-tee-pack,"Flat lay of two women’s tees, white seamless, soft top lighting, wrinkle-free, color-true",2-pack organic cotton tees,49.00,,0.00,6b1dfa1b-fab5-430f-be0c-1371ab8ec144,"[""https://ewebogkmqavqoxloyefq.supabase.co/storage/v1/object/public/product-images/products/organic-cotton-tee-pack/organic-cotton-tee-pack.png"",""https://ewebogkmqavqoxloyefq.supabase.co/storage/v1/object/public/product-images/products/organic-cotton-tee-pack/organic-cotton-tee-pack_onfigure.png""]",false,true,44,W-TEE-OC-008,,"[""organic-cotton"",""casual"",""essentials"",""sustainable"",""eco-friendly""]","[""Organic Cotton Tee Pack"",""organic-cotton"",""casual"",""essentials"",""sustainable"",""eco-friendly""]",2025-10-11 11:53:59.402579+00,2025-10-11 11:53:59.402579+00
5adb709a-3442-4a19-88f1-9ad37b4012bd,Wool Beanie,wool-beanie,"Beanie on white seamless, side angle, soft lighting to show rib texture, neat silhouette",Rib-knit wool beanie,39.00,,0.00,ebbb5784-413a-4116-9602-932c72ae68e7,"[""https://ewebogkmqavqoxloyefq.supabase.co/storage/v1/object/public/product-images/products/wool-beanie/wool-beanie.png"",""https://ewebogkmqavqoxloyefq.supabase.co/storage/v1/object/public/product-images/products/wool-beanie/wool-beanie_variant.png""]",false,true,48,A-BEN-WL-023,,"[""wool"",""winter"",""cozy"",""casual"",""gift""]","[""Wool Beanie"",""wool"",""winter"",""cozy"",""casual"",""gift""]",2025-10-11 11:54:18.531035+00,2025-10-11 11:54:18.531035+00
60a51ad1-ba52-43e5-9218-54e27ca857e0,Tailored Wool Coat,tailored-wool-coat,"On-figure women’s wool coat, studio, soft shadow, neutral gray seamless, full length, editorial e-commerce style, color-accurate",Double-breasted Italian wool coat,549.00,699.00,0.00,6b1dfa1b-fab5-430f-be0c-1371ab8ec144,"[""https://ewebogkmqavqoxloyefq.supabase.co/storage/v1/object/public/product-images/products/tailored-wool-coat/tailored-wool-coat.png"",""https://ewebogkmqavqoxloyefq.supabase.co/storage/v1/object/public/product-images/products/tailored-wool-coat/tailored-wool-coat_onfigure.png""]",false,true,10,W-CT-WL-002,,"[""wool"",""outerwear"",""winter"",""classic"",""luxury""]","[""Tailored Wool Coat"",""wool"",""outerwear"",""winter"",""classic"",""luxury""]",2025-10-11 11:53:50.886737+00,2025-10-11 11:53:50.886737+00
6d056ecb-5e47-44bb-b9ef-d33e87f98d96,Crossbody Camera Bag,crossbody-camera-bag,"Crossbody bag on white seamless, 3/4 angle, strap visible, soft light, clean styling",Compact crossbody with adjustable strap,199.00,,0.00,ebbb5784-413a-4116-9602-932c72ae68e7,"[""https://ewebogkmqavqoxloyefq.supabase.co/storage/v1/object/public/product-images/products/crossbody-camera-bag/crossbody-camera-bag.png"",""https://ewebogkmqavqoxloyefq.supabase.co/storage/v1/object/public/product-images/products/crossbody-camera-bag/crossbody-camera-bag_variant.png""]",false,true,27,A-BAG-CB-018,,"[""crossbody"",""travel"",""daily"",""minimalist""]","[""Crossbody Camera Bag"",""crossbody"",""travel"",""daily"",""minimalist""]",2025-10-11 11:54:14.002713+00,2025-10-11 11:54:14.002713+00
783a36aa-334d-4e88-88cf-65b04f6a0fc3,Tech Stretch Chinos,tech-stretch-chinos,"Men’s chinos on mannequin, studio lighting, white seamless, clean front crease, 3/4 angle",Performance stretch chinos,119.00,,0.00,5e0965c4-4360-4ae8-be77-3a4c07773a3f,"[""https://ewebogkmqavqoxloyefq.supabase.co/storage/v1/object/public/product-images/products/tech-stretch-chinos/tech-stretch-chinos.png"",""https://ewebogkmqavqoxloyefq.supabase.co/storage/v1/object/public/product-images/products/tech-stretch-chinos/tech-stretch-chinos_onfigure.png""]",false,true,42,M-PNT-TC-012,,"[""tech"",""casual"",""workwear"",""travel"",""breathable""]","[""Tech Stretch Chinos"",""tech"",""casual"",""workwear"",""travel"",""breathable""]",2025-10-11 11:54:06.679373+00,2025-10-11 11:54:06.679373+00
7a199e8b-b8e1-46d2-beb8-99ba92f52dcd,Merino Crewneck Sweater,merino-crewneck-sweater,"Folded men’s merino sweater, white seamless, soft diffused light highlighting knit texture",Lightweight merino wool knit,149.00,,0.00,5e0965c4-4360-4ae8-be77-3a4c07773a3f,"[""https://ewebogkmqavqoxloyefq.supabase.co/storage/v1/object/public/product-images/products/merino-crewneck-sweater/merino-crewneck-sweater.png"",""https://ewebogkmqavqoxloyefq.supabase.co/storage/v1/object/public/product-images/products/merino-crewneck-sweater/merino-crewneck-sweater_onfigure.png""]",false,true,30,M-SWT-MR-011,,"[""merino"",""winter"",""layering"",""classic""]","[""Merino Crewneck Sweater"",""merino"",""winter"",""layering"",""classic""]",2025-10-11 11:54:05.286229+00,2025-10-11 11:54:05.286229+00
80bf27c4-ceeb-45bb-b9d0-3696000167be,Silk Slip Dress,silk-slip-dress,"Studio fashion e-commerce photo of a women’s silk slip dress on mannequin, soft diffused lighting, clean white seamless background, 3/4 angle, high detail, no face, product centered",Bias-cut silk slip with adjustable straps,299.00,399.00,0.00,6b1dfa1b-fab5-430f-be0c-1371ab8ec144,"[""https://ewebogkmqavqoxloyefq.supabase.co/storage/v1/object/public/product-images/products/silk-slip-dress/silk-slip-dress.png"",""https://ewebogkmqavqoxloyefq.supabase.co/storage/v1/object/public/product-images/products/silk-slip-dress/silk-slip-dress_onfigure.png""]",true,true,22,W-DRS-SS-001,,"[""silk"",""evening"",""minimalist"",""luxury"",""formal"",""summer"",""sale""]","[""Silk Slip Dress"",""silk"",""evening"",""minimalist"",""luxury"",""formal"",""summer"",""sale""]",2025-10-11 11:53:49.505546+00,2025-10-11 11:53:49.505546+00
8b635074-268f-466c-949e-aaaf0b143834,Cashmere Turtleneck Sweater,cashmere-turtleneck-sweater,"Close-up studio product of cashmere sweater folded, white seamless, soft light showing texture, color accurate",Ultra-soft cashmere turtleneck,279.00,329.00,0.00,6b1dfa1b-fab5-430f-be0c-1371ab8ec144,"[""https://ewebogkmqavqoxloyefq.supabase.co/storage/v1/object/public/product-images/products/cashmere-turtleneck-sweater/cashmere-turtleneck-sweater.png"",""https://ewebogkmqavqoxloyefq.supabase.co/storage/v1/object/public/product-images/products/cashmere-turtleneck-sweater/cashmere-turtleneck-sweater_onfigure.png""]",false,true,28,W-SWT-CS-005,,"[""cashmere"",""winter"",""cozy"",""luxury""]","[""Cashmere Turtleneck Sweater"",""cashmere"",""winter"",""cozy"",""luxury""]",2025-10-11 11:53:55.274787+00,2025-10-11 11:53:55.274787+00
979f809c-bc8f-4eec-89ce-de32b4175b32,Cashmere Scarf,cashmere-scarf,"Folded cashmere scarf on white seamless, soft diffused lighting, texture-forward close-up",Brushed cashmere winter scarf,79.00,99.00,0.00,ebbb5784-413a-4116-9602-932c72ae68e7,"[""https://ewebogkmqavqoxloyefq.supabase.co/storage/v1/object/public/product-images/products/cashmere-scarf/cashmere-scarf.png"",""https://ewebogkmqavqoxloyefq.supabase.co/storage/v1/object/public/product-images/products/cashmere-scarf/cashmere-scarf_variant.png""]",false,true,33,A-SCF-CS-020,,"[""cashmere"",""winter"",""cozy"",""gift"",""sale""]","[""Cashmere Scarf"",""cashmere"",""winter"",""cozy"",""gift"",""sale""]",2025-10-11 11:54:15.748971+00,2025-10-11 11:54:15.748971+00
a31954ad-5c6c-4a28-9cb0-2c6c3dfe99cd,Leather Wallet,leather-wallet,"Wallet on white seamless, 3/4 angle, open to show slots, clean shadow",Slim bi-fold leather wallet,89.00,,0.00,ebbb5784-413a-4116-9602-932c72ae68e7,"[""https://ewebogkmqavqoxloyefq.supabase.co/storage/v1/object/public/product-images/products/leather-wallet/leather-wallet.png"",""https://ewebogkmqavqoxloyefq.supabase.co/storage/v1/object/public/product-images/products/leather-wallet/leather-wallet_variant.png""]",false,true,36,A-WLT-LTH-024,,"[""leather"",""minimalist"",""everyday"",""gift""]","[""Leather Wallet"",""leather"",""minimalist"",""everyday"",""gift""]",2025-10-11 11:54:19.350126+00,2025-10-11 11:54:19.350126+00
a72d121a-7487-438d-b961-cbbf19626135,Leather Biker Jacket,leather-biker-jacket,"Studio photo of leather biker jacket on mannequin, white seamless, controlled specular highlights, front zip visible, 3/4 view",Premium leather moto jacket,499.00,599.00,0.00,6b1dfa1b-fab5-430f-be0c-1371ab8ec144,"[""https://ewebogkmqavqoxloyefq.supabase.co/storage/v1/object/public/product-images/products/leather-biker-jacket/leather-biker-jacket.png"",""https://ewebogkmqavqoxloyefq.supabase.co/storage/v1/object/public/product-images/products/leather-biker-jacket/leather-biker-jacket_onfigure.png""]",true,true,9,W-JKT-LTH-007,,"[""leather"",""outerwear"",""edgy"",""streetwear"",""luxury"",""sale""]","[""Leather Biker Jacket"",""leather"",""outerwear"",""edgy"",""streetwear"",""luxury"",""sale""]",2025-10-11 11:53:57.982394+00,2025-10-11 11:53:57.982394+00
aa9058c2-3702-4840-909d-4536f8ef27e7,Linen Resort Shirt,linen-resort-shirt,"Men’s linen resort shirt on mannequin, white seamless, airy feel, short sleeves, soft shadows",Breathable short-sleeve linen,99.00,,0.00,5e0965c4-4360-4ae8-be77-3a4c07773a3f,"[""https://ewebogkmqavqoxloyefq.supabase.co/storage/v1/object/public/product-images/products/linen-resort-shirt/linen-resort-shirt.png"",""https://ewebogkmqavqoxloyefq.supabase.co/storage/v1/object/public/product-images/products/linen-resort-shirt/linen-resort-shirt_onfigure.png""]",true,true,24,M-SRT-LN-015,,"[""linen"",""summer"",""resort"",""vacation""]","[""Linen Resort Shirt"",""linen"",""summer"",""resort"",""vacation""]",2025-10-11 11:54:10.752658+00,2025-10-11 11:54:10.752658+00
b0925a87-018c-48ca-a1dd-fa67f1d7446a,Minimalist Leather Belt,minimalist-leather-belt,"Belt coiled neatly on white seamless, overhead softbox, buckle centered, crisp details",Smooth leather belt with matte buckle,59.00,,0.00,ebbb5784-413a-4116-9602-932c72ae68e7,"[""https://ewebogkmqavqoxloyefq.supabase.co/storage/v1/object/public/product-images/products/minimalist-leather-belt/minimalist-leather-belt.png"",""https://ewebogkmqavqoxloyefq.supabase.co/storage/v1/object/public/product-images/products/minimalist-leather-belt/minimalist-leather-belt_variant.png""]",false,true,60,A-BLT-MN-019,,"[""leather"",""minimalist"",""classic"",""everyday""]","[""Minimalist Leather Belt"",""leather"",""minimalist"",""classic"",""everyday""]",2025-10-11 11:54:14.894317+00,2025-10-11 11:54:14.894317+00
b0de0f60-82c8-4e43-a209-4528f01d0b4a,Leather Tote Bag,leather-tote-bag,"Studio product of leather tote on white seamless, slight shadow, front view, texture detail, high-end",Structured full-grain leather tote,299.00,349.00,0.00,ebbb5784-413a-4116-9602-932c72ae68e7,"[""https://ewebogkmqavqoxloyefq.supabase.co/storage/v1/object/public/product-images/products/leather-tote-bag/leather-tote-bag.png"",""https://ewebogkmqavqoxloyefq.supabase.co/storage/v1/object/public/product-images/products/leather-tote-bag/leather-tote-bag_variant.png""]",true,true,16,A-BAG-TT-017,,"[""leather"",""tote"",""work"",""travel"",""luxury"",""sale""]","[""Leather Tote Bag"",""leather"",""tote"",""work"",""travel"",""luxury"",""sale""]",2025-10-11 11:54:13.14124+00,2025-10-11 11:54:13.14124+00
b6ce3169-694b-4c53-97e3-97364d3c6f4b,Suede Bomber Jacket,suede-bomber-jacket,"Men’s suede bomber on mannequin, white seamless, controlled highlights for suede, 3/4 angle, out of stock label optional",Soft suede zip bomber,399.00,499.00,0.00,5e0965c4-4360-4ae8-be77-3a4c07773a3f,"[""https://ewebogkmqavqoxloyefq.supabase.co/storage/v1/object/public/product-images/products/suede-bomber-jacket/suede-bomber-jacket.png"",""https://ewebogkmqavqoxloyefq.supabase.co/storage/v1/object/public/product-images/products/suede-bomber-jacket/suede-bomber-jacket_onfigure.png""]",false,true,0,M-JKT-SD-013,,"[""suede"",""outerwear"",""casual"",""fall"",""sale"",""limited""]","[""Suede Bomber Jacket"",""suede"",""outerwear"",""casual"",""fall"",""sale"",""limited""]",2025-10-11 11:54:08.054514+00,2025-10-11 11:54:08.054514+00
cd548d76-1702-4cf5-a5d1-c2101fac11f2,Selvedge Denim Jeans,selvedge-denim-jeans,"Flat lay or on-figure men’s selvedge jeans, white seamless, show selvedge edge, crisp texture",Slim selvedge raw denim,179.00,219.00,0.00,5e0965c4-4360-4ae8-be77-3a4c07773a3f,"[""https://ewebogkmqavqoxloyefq.supabase.co/storage/v1/object/public/product-images/products/selvedge-denim-jeans/selvedge-denim-jeans.png"",""https://ewebogkmqavqoxloyefq.supabase.co/storage/v1/object/public/product-images/products/selvedge-denim-jeans/selvedge-denim-jeans_onfigure.png""]",false,true,21,M-DNM-SV-010,,"[""denim"",""raw"",""classic"",""streetwear"",""durable"",""sale""]","[""Selvedge Denim Jeans"",""denim"",""raw"",""classic"",""streetwear"",""durable"",""sale""]",2025-10-11 11:54:03.875481+00,2025-10-11 11:54:03.875481+00
d9fd706a-05fe-4cbf-aa17-ef87fba1bb1b,Statement Hoop Earrings,statement-hoop-earrings,"Earrings on white acrylic stand, white seamless, macro-friendly sharpness, soft reflections",Polished metal hoop earrings,69.00,,0.00,ebbb5784-413a-4116-9602-932c72ae68e7,"[""https://ewebogkmqavqoxloyefq.supabase.co/storage/v1/object/public/product-images/products/statement-hoop-earrings/statement-hoop-earrings.png"",""https://ewebogkmqavqoxloyefq.supabase.co/storage/v1/object/public/product-images/products/statement-hoop-earrings/statement-hoop-earrings_variant.png""]",false,true,29,A-ER-HOOP-025,,"[""jewelry"",""statement"",""evening"",""gift""]","[""Statement Hoop Earrings"",""jewelry"",""statement"",""evening"",""gift""]",2025-10-11 11:54:20.191816+00,2025-10-11 11:54:20.191816+00
de2ff47e-217a-4f7d-be31-1b2a9926eda9,Silk Necktie,silk-necktie,"Silk tie rolled on white seamless, soft top lighting, color-true, subtle sheen",Hand-finished silk tie,49.00,,0.00,ebbb5784-413a-4116-9602-932c72ae68e7,"[""https://ewebogkmqavqoxloyefq.supabase.co/storage/v1/object/public/product-images/products/silk-necktie/silk-necktie.png"",""https://ewebogkmqavqoxloyefq.supabase.co/storage/v1/object/public/product-images/products/silk-necktie/silk-necktie_variant.png""]",false,true,40,A-TIE-SK-021,,"[""silk"",""formal"",""office"",""classic""]","[""Silk Necktie"",""silk"",""formal"",""office"",""classic""]",2025-10-11 11:54:16.653713+00,2025-10-11 11:54:16.653713+00