id,user_id,product_id,created_at
86956f9f-2b9f-4478-8a63-a0c51801ac52,7dba91f3-cb5a-40ce-9269-30acbde046f1,80bf27c4-ceeb-45bb-b9d0-3696000167be,2025-09-03 16:11:09.756240+00
996c7573-8eb8-45f6-8b24-77841916e258,694c59a6-b923-41fc-8683-14b185f3054a,d9fd706a-05fe-4cbf-aa17-ef87fba1bb1b,2025-08-22 08:51:06.756240+00
a8a0b243-4a3e-4a37-9d23-fce4f20cd9b8,694c59a6-b923-41fc-8683-14b185f3054a,100a25a8-1074-4082-bf3e-619e6bf0ed06,2025-09-24 12:18:56.756240+00
957fdab0-ae90-4f30-8f5c-525659618fab,247b42be-a386-445d-a14c-13dc84560097,4b118e6e-16fe-4b89-b29c-17edd6303d62,2025-08-16 00:56:15.756240+00
2bb3a196-3a1a-4783-939a-98984a51871c,247b42be-a386-445d-a14c-13dc84560097,1d19f678-f760-4786-9b01-1fb8917f0220,2025-08-15 16:12:22.756240+00
c70e5dce-28ca-4025-b85e-9764a51679f3,bb73c19e-1d1c-4430-8e84-1f922ebfd19f,cd548d76-1702-4cf5-a5d1-c2101fac11f2,2025-09-20 16:31:36.756240+00
30c9ae73-506b-40af-98df-20c292ee0cec,bb73c19e-1d1c-4430-8e84-1f922ebfd19f,6d056ecb-5e47-44bb-b9ef-d33e87f98d96,2025-08-20 16:27:36.756240+00
9925ef91-defe-47ec-af76-741062ae168f,bb73c19e-1d1c-4430-8e84-1f922ebfd19f,4f37e0ee-e916-47ea-affc-4d01665bb2db,2025-10-05 20:19:50.756240+00
3cb6f386-ebd8-4adb-91b6-38bb024d87b0,d748c8ec-9b08-4724-9915-3adba92e0974,b0de0f60-82c8-4e43-a209-4528f01d0b4a,2025-09-05 19:30:50.756240+00
28fa48e4-c3aa-4b19-b70c-4768540a872f,d748c8ec-9b08-4724-9915-3adba92e0974,4b118e6e-16fe-4b89-b29c-17edd6303d62,2025-09-26 20:23:41.756240+00
8fea22fe-b6be-42bd-8646-eb39064c3013,f2c95f80-da71-4926-a8b7-3149b4164e45,b0de0f60-82c8-4e43-a209-4528f01d0b4a,2025-09-10 17:48:55.756240+00
c2998f6f-0474-41fd-874e-8cd53b88ffc3,6872cb5b-5430-460e-b2d7-baa38e087eea,b0de0f60-82c8-4e43-a209-4528f01d0b4a,2025-08-20 11:49:48.756240+00
f23ade8e-67df-426e-b4cb-bb8e40b46890,6872cb5b-5430-460e-b2d7-baa38e087eea,4b118e6e-16fe-4b89-b29c-17edd6303d62,2025-09-27 14:46:24.756240+00
fa0d37b1-7ba9-4695-ae56-4566bd1b3ef7,154e0ce8-9429-43ce-b35a-6e8a6a1eea13,80bf27c4-ceeb-45bb-b9d0-3696000167be,2025-08-29 01:41:50.756240+00
6d9f5d5b-45bb-4b36-87be-7c93ef4b5868,154e0ce8-9429-43ce-b35a-6e8a6a1eea13,58bce0b5-fe59-44c4-a5e4-0242444215bf,2025-09-03 11:38:37.756240+00
e99cf779-35a7-4d24-8ee5-2b2c55c075ec,154e0ce8-9429-43ce-b35a-6e8a6a1eea13,a31954ad-5c6c-4a28-9cb0-2c6c3dfe99cd,2025-09-11 19:02:41.756240+00
b00ff881-07cc-4dbd-a2a0-2224469931ff,5494890e-56c4-447e-a82a-7e7332e6711f,a31954ad-5c6c-4a28-9cb0-2c6c3dfe99cd,2025-08-21 14:59:36.756240+00
d2b3828b-cad5-4ad7-8de2-c9da58e6acab,eea8c893-248d-40ad-a747-ed3a7ec298a6,aa9058c2-3702-4840-909d-4536f8ef27e7,2025-09-21 14:35:19.756240+00
3cec709c-bf0b-4793-962a-4be3eb2fcbd6,eea8c893-248d-40ad-a747-ed3a7ec298a6,80bf27c4-ceeb-45bb-b9d0-3696000167be,2025-09-24 09:01:08.756240+00
dd6d5b69-1a5a-4b00-a673-0ef23e6af543,04c10be8-f8bb-47cf-a282-00bae07dfff6,8b635074-268f-466c-949e-aaaf0b143834,2025-09-04 21:26:06.756240+00
770401b6-d7a4-4d7b-a4f9-b6ce1ad94231,a8339700-9ee1-4341-921d-c9c6f28cb533,de2ff47e-217a-4f7d-be31-1b2a9926eda9,2025-08-17 03:57:31.756240+00
573a1854-02d7-4a76-bc5f-711cd0bcece5,d29d17f3-f574-4378-a099-3473cea55d61,de2ff47e-217a-4f7d-be31-1b2a9926eda9,2025-09-16 16:38:38.756240+00
31b53751-f679-4c40-bf67-5c851a9e9666,57af11c4-19c6-4fdb-983e-62bce0c1746d,4f37e0ee-e916-47ea-affc-4d01665bb2db,2025-08-27 14:53:46.756240+00
054efb0c-ed5f-4932-b0ae-1ca513c65981,57af11c4-19c6-4fdb-983e-62bce0c1746d,4b118e6e-16fe-4b89-b29c-17edd6303d62,2025-09-21 02:00:38.756240+00
912c5f8d-61aa-4f6c-b18d-b2fd91538924,2d1b3bdf-8ad5-4555-bcaa-6971242e3b03,b0de0f60-82c8-4e43-a209-4528f01d0b4a,2025-08-15 17:46:19.756240+00
ef92f1a3-0ccd-47e7-a040-95fba82a095b,2d1b3bdf-8ad5-4555-bcaa-6971242e3b03,a72d121a-7487-438d-b961-cbbf19626135,2025-09-03 05:48:53.756240+00
46161e96-fd6d-4212-9265-f4be500368e1,8637f25c-464b-47f1-bbd1-045667331c62,1d19f678-f760-4786-9b01-1fb8917f0220,2025-08-31 06:42:36.756240+00
a839d1f5-d8d0-44cc-b3c6-57f304f16deb,719468f4-e599-444a-8613-f797f5c5382d,7a199e8b-b8e1-46d2-beb8-99ba92f52dcd,2025-09-29 02:10:47.756240+00
444ec4ec-011e-45f7-b5c7-092543d1f923,f04d0b38-0e7f-453e-9639-60c5a5424527,b0de0f60-82c8-4e43-a209-4528f01d0b4a,2025-09-19 06:59:45.756240+00
f01e6dc7-d2ee-4f6b-81b0-4efa241372d8,b2367932-0737-4ec5-b76c-cf0e9c4e4a38,b0925a87-018c-48ca-a1dd-fa67f1d7446a,2025-09-29 07:17:15.756240+00
89dfc656-331b-4fe6-a8cf-e34461625e3b,b2367932-0737-4ec5-b76c-cf0e9c4e4a38,5adb709a-3442-4a19-88f1-9ad37b4012bd,2025-08-13 17:12:28.756240+00
632bfa19-813e-47b2-ab9d-9eb318246d0a,d9ef721c-fa47-4806-9bab-4c28d3b1f50f,d9fd706a-05fe-4cbf-aa17-ef87fba1bb1b,2025-09-30 01:46:37.756240+00
b519edf1-83ae-44ea-9d77-fc1ac97ab2a3,4cc5991b-ce3b-4cf7-bd9e-347abdeebd19,a31954ad-5c6c-4a28-9cb0-2c6c3dfe99cd,2025-09-23 11:58:31.756240+00
d012d800-be78-473f-8c05-91003ed77850,65c76353-4798-4dc3-930b-464c17672787,1d19f678-f760-4786-9b01-1fb8917f0220,2025-10-06 21:08:24.756240+00
39f68c85-2432-4d74-8f97-f13cc6a4bf00,6f28061d-732b-4a6a-8acb-fca7f665b58e,6d056ecb-5e47-44bb-b9ef-d33e87f98d96,2025-10-04 18:52:33.756240+00
b955bc48-3c5c-4710-9da4-4abaafb72682,6eb1b6be-24d7-4b61-94a9-54e0ebfe2588,1323fd17-1e4c-4b33-a1a9-6d1ef29bbb23,2025-08-24 06:26:00.756240+00
76d003ea-83e0-421d-9c65-f99d964e2376,6eb1b6be-24d7-4b61-94a9-54e0ebfe2588,de2ff47e-217a-4f7d-be31-1b2a9926eda9,2025-08-18 03:04:57.756240+00
5997e51d-f81a-4ee0-9d6b-8683d3f1ba38,5bf23fee-fecd-4fe6-9167-638886e94b07,5adb709a-3442-4a19-88f1-9ad37b4012bd,2025-09-12 17:12:49.756240+00
eb065ff3-f1d8-4262-9fe8-5739cd7a0522,5bf23fee-fecd-4fe6-9167-638886e94b07,8b635074-268f-466c-949e-aaaf0b143834,2025-08-13 18:50:37.756240+00
9e772b6d-6839-4751-842c-8d4d05cbcc61,5bf23fee-fecd-4fe6-9167-638886e94b07,b0925a87-018c-48ca-a1dd-fa67f1d7446a,2025-08-28 17:49:55.756240+00
89304ccf-f335-4743-b1cb-7314fd7f384b,9fd8cf62-8628-4e31-8c09-bed1b3bda164,b0925a87-018c-48ca-a1dd-fa67f1d7446a,2025-09-14 19:44:57.756240+00
1f8510ac-3f9b-454c-a084-11db340f9b33,9fd8cf62-8628-4e31-8c09-bed1b3bda164,100a25a8-1074-4082-bf3e-619e6bf0ed06,2025-10-07 15:54:23.756240+00
